-- --------------------------------------------------------
-- Host:                         127.0.0.1
-- Server version:               10.1.18-MariaDB - mariadb.org binary distribution
-- Server OS:                    Win32
-- HeidiSQL Version:             9.4.0.5168
-- --------------------------------------------------------

/*!40101 SET @OLD_CHARACTER_SET_CLIENT=@@CHARACTER_SET_CLIENT */;
/*!40101 SET NAMES utf8 */;
/*!50503 SET NAMES utf8mb4 */;
/*!40014 SET @OLD_FOREIGN_KEY_CHECKS=@@FOREIGN_KEY_CHECKS, FOREIGN_KEY_CHECKS=0 */;
/*!40101 SET @OLD_SQL_MODE=@@SQL_MODE, SQL_MODE='NO_AUTO_VALUE_ON_ZERO' */;


-- Dumping database structure for ventureoak
CREATE DATABASE IF NOT EXISTS `ventureoak` /*!40100 DEFAULT CHARACTER SET utf8 COLLATE utf8_unicode_ci */;
USE `ventureoak`;

-- Dumping structure for table ventureoak.companies
CREATE TABLE IF NOT EXISTS `companies` (
  `id` int(10) unsigned NOT NULL AUTO_INCREMENT,
  `name` varchar(255) COLLATE utf8_unicode_ci NOT NULL,
  `slug` varchar(255) COLLATE utf8_unicode_ci NOT NULL,
  `city` varchar(255) COLLATE utf8_unicode_ci NOT NULL,
  `country` varchar(255) COLLATE utf8_unicode_ci NOT NULL,
  `industry` varchar(255) COLLATE utf8_unicode_ci NOT NULL,
  `created_at` timestamp NULL DEFAULT NULL,
  `updated_at` timestamp NULL DEFAULT NULL,
  PRIMARY KEY (`id`)
) ENGINE=InnoDB AUTO_INCREMENT=26 DEFAULT CHARSET=utf8 COLLATE=utf8_unicode_ci;

-- Dumping data for table ventureoak.companies: ~1 rows (approximately)
/*!40000 ALTER TABLE `companies` DISABLE KEYS */;
INSERT INTO `companies` (`id`, `name`, `slug`, `city`, `country`, `industry`, `created_at`, `updated_at`) VALUES
	(1, 'Thiel, O\'Hara and Hackett', 'thiel-o-hara-and-hackett', 'Anastacioberg', 'Pitcairn Islands', 'Advisory services/consulting', '2017-05-06 18:14:14', '2017-05-06 18:14:14'),
	(2, 'Runolfsson, Kuvalis and Shanahan', 'runolfsson-kuvalis-and-shanahan', 'Anastacioberg', 'Niger', 'IT', '2017-05-06 18:14:14', '2017-05-06 18:14:14'),
	(3, 'Schmitt, Padberg and Adams', 'schmitt-padberg-and-adams', 'Port Jeramie', 'Central African Republic', 'Arts/culture/entertainment', '2017-05-06 18:14:14', '2017-05-06 18:14:14'),
	(4, 'Waelchi-Schuppe', 'waelchi-schuppe', 'Port Jeramie', 'Central African Republic', 'Administration', '2017-05-06 18:14:14', '2017-05-06 18:14:14'),
	(5, 'Hayes-Koelpin', 'hayes-koelpin', 'Port Jeramie', 'Antigua and Barbuda', 'Chemical industry', '2017-05-06 18:14:14', '2017-05-06 18:14:14'),
	(6, 'Stracke, Schneider and Hoeger', 'stracke-schneider-and-hoeger', 'Kassulkefort', 'Antigua and Barbuda', 'Chemical industry', '2017-05-06 18:14:14', '2017-05-06 18:14:14'),
	(7, 'Kihn-Ernser', 'kihn-ernser', 'Kassulkefort', 'Niger', 'Administration', '2017-05-06 18:14:14', '2017-05-06 18:14:14'),
	(8, 'Kassulke Inc', 'kassulke-inc', 'Port Jeramie', 'Central African Republic', 'Arts/culture/entertainment', '2017-05-06 18:14:14', '2017-05-06 18:14:14'),
	(9, 'Konopelski-Conroy', 'konopelski-conroy', 'Gradychester', 'Canada', 'Arts/culture/entertainment', '2017-05-06 18:14:15', '2017-05-06 18:14:15'),
	(10, 'Veum, McKenzie and Konopelski', 'veum-mckenzie-and-konopelski', 'Gradychester', 'Canada', 'Arts/culture/entertainment', '2017-05-06 18:14:15', '2017-05-06 18:14:15'),
	(11, 'Grady and Sons', 'grady-and-sons', 'Brooklynfort', 'Canada', 'Arts/culture/entertainment', '2017-05-06 18:14:15', '2017-05-06 18:14:15'),
	(12, 'Stark-Wisozk', 'stark-wisozk', 'Brooklynfort', 'Central African Republic', 'Chemical industry', '2017-05-06 18:14:15', '2017-05-06 18:14:15'),
	(13, 'Mitchell-Lockman', 'mitchell-lockman', 'Port Jeramie', 'Central African Republic', 'Chemical industry', '2017-05-06 18:14:15', '2017-05-06 18:14:15'),
	(14, 'O\'Hara LLC', 'o-hara-llc', 'Kassulkefort', 'Pitcairn Islands', 'Advisory services/consulting', '2017-05-06 18:14:15', '2017-05-06 18:14:15'),
	(15, 'Cummings-Luettgen', 'cummings-luettgen', 'Anastacioberg', 'Antigua and Barbuda', 'IT', '2017-05-06 18:14:15', '2017-05-06 18:14:15'),
	(16, 'Adams, Harris and Kris', 'adams-harris-and-kris', 'Gradychester', 'Canada', 'Banking', '2017-05-06 18:14:15', '2017-05-06 18:14:15'),
	(17, 'Huel Inc', 'huel-inc', 'Anastacioberg', 'Pitcairn Islands', 'Advisory services/consulting', '2017-05-06 18:14:15', '2017-05-06 18:14:15'),
	(18, 'Kunze Ltd', 'kunze-ltd', 'Kassulkefort', 'Niger', 'Advisory services/consulting', '2017-05-06 18:14:15', '2017-05-06 18:14:15'),
	(19, 'Waters, Dietrich and Langosh', 'waters-dietrich-and-langosh', 'Gradychester', 'Antigua and Barbuda', 'Chemical industry', '2017-05-06 18:14:15', '2017-05-06 18:14:15'),
	(20, 'Lockman Inc', 'lockman-inc', 'Port Jeramie', 'Antigua and Barbuda', 'Advisory services/consulting', '2017-05-06 18:14:15', '2017-05-06 18:14:15'),
	(21, 'Adams Inc', 'adams-inc', 'Anastacioberg', 'Pitcairn Islands', 'Banking', '2017-05-06 18:14:15', '2017-05-06 18:14:15'),
	(22, 'Morar-Kuvalis', 'morar-kuvalis', 'Anastacioberg', 'Pitcairn Islands', 'Administration', '2017-05-06 18:14:15', '2017-05-06 18:14:15'),
	(23, 'Barrows-Rosenbaum', 'barrows-rosenbaum', 'Anastacioberg', 'Antigua and Barbuda', 'Chemical industry', '2017-05-06 18:14:15', '2017-05-06 18:14:15'),
	(24, 'Pfeffer-Schmidt', 'pfeffer-schmidt', 'Kassulkefort', 'Central African Republic', 'Banking', '2017-05-06 18:14:15', '2017-05-06 18:14:15'),
	(25, 'Nienow and Sons', 'nienow-and-sons', 'Port Jeramie', 'Niger', 'Banking', '2017-05-06 18:14:15', '2017-05-06 18:14:15');
/*!40000 ALTER TABLE `companies` ENABLE KEYS */;

-- Dumping structure for table ventureoak.migrations
CREATE TABLE IF NOT EXISTS `migrations` (
  `migration` varchar(255) COLLATE utf8_unicode_ci NOT NULL,
  `batch` int(11) NOT NULL
) ENGINE=InnoDB DEFAULT CHARSET=utf8 COLLATE=utf8_unicode_ci;

-- Dumping data for table ventureoak.migrations: ~2 rows (approximately)
/*!40000 ALTER TABLE `migrations` DISABLE KEYS */;
INSERT INTO `migrations` (`migration`, `batch`) VALUES
	('2017_05_06_000010_create_companies_table', 1),
	('2017_05_06_000020_create_reviews_table', 1);
/*!40000 ALTER TABLE `migrations` ENABLE KEYS */;

-- Dumping structure for table ventureoak.reviews
CREATE TABLE IF NOT EXISTS `reviews` (
  `id` int(10) unsigned NOT NULL AUTO_INCREMENT,
  `company_id` int(10) unsigned NOT NULL,
  `title` varchar(255) COLLATE utf8_unicode_ci NOT NULL,
  `user_email` varchar(255) COLLATE utf8_unicode_ci NOT NULL,
  `rating_culture` int(11) NOT NULL,
  `rating_management` int(11) NOT NULL,
  `rating_work_live_balance` int(11) NOT NULL,
  `rating_career_development` int(11) NOT NULL,
  `rating_average` double(8,2) NOT NULL,
  `pro` text COLLATE utf8_unicode_ci NOT NULL,
  `contra` text COLLATE utf8_unicode_ci NOT NULL,
  `suggestions` text COLLATE utf8_unicode_ci NOT NULL,
  `created_at` timestamp NULL DEFAULT NULL,
  `updated_at` timestamp NULL DEFAULT NULL,
  PRIMARY KEY (`id`),
  KEY `reviews_company_id_foreign` (`company_id`),
  CONSTRAINT `reviews_company_id_foreign` FOREIGN KEY (`company_id`) REFERENCES `companies` (`id`) ON DELETE CASCADE ON UPDATE CASCADE
) ENGINE=InnoDB AUTO_INCREMENT=159 DEFAULT CHARSET=utf8 COLLATE=utf8_unicode_ci;

-- Dumping data for table ventureoak.reviews: ~0 rows (approximately)
/*!40000 ALTER TABLE `reviews` DISABLE KEYS */;
INSERT INTO `reviews` (`id`, `company_id`, `title`, `user_email`, `rating_culture`, `rating_management`, `rating_work_live_balance`, `rating_career_development`, `rating_average`, `pro`, `contra`, `suggestions`, `created_at`, `updated_at`) VALUES
	(1, 1, 'I don\'t take this young.', 'amani92@fay.info', 2, 4, 4, 3, 3.25, 'I know?\' said Alice, surprised at her own courage. \'It\'s no business of.', 'King. The next witness was the.', 'Alice began to cry again, for she felt very lonely and low-spirited. In a little while, however, she again heard a little pattering of footsteps in the distance, and she.', '2017-05-06 18:14:14', '2017-05-06 18:14:14'),
	(2, 1, 'King repeated angrily, \'or I\'ll have you executed.\' The miserable Hatter.', 'fcruickshank@gmail.com', 1, 1, 3, 4, 2.25, 'First.', 'Alice as it spoke. \'As wet as ever,\' said Alice in a melancholy tone: \'it doesn\'t seem to dry me at all.\' \'In that case,\' said.', 'At this the whole pack rose up into.', '2017-05-06 18:14:14', '2017-05-06 18:14:14'),
	(3, 1, 'NOT marked \'poison,\' so Alice soon.', 'cornell.braun@yahoo.com', 5, 0, 0, 2, 1.75, 'Mock Turtle said: \'I\'m too stiff. And the Gryphon never learnt it.\' \'Hadn\'t time,\' said the Gryphon: \'I went to the.', 'Alice turned and came back again. \'Keep your temper,\' said the Caterpillar. \'Is that all?\' said Alice, swallowing down her anger as.', 'Caterpillar. \'Well, I should like to be a LITTLE larger, sir, if you wouldn\'t mind,\' said.', '2017-05-06 18:14:14', '2017-05-06 18:14:14'),
	(4, 1, 'She said the Duchess. \'Everything\'s got a moral, if.', 'doyle.jenkins@gmail.com', 3, 3, 0, 5, 2.75, 'Tell her to begin.\' He looked at the Gryphon as if he thought it had some kind of authority.', 'I say,\' the Mock Turtle replied in an offended tone. And the Gryphon added \'Come,.', 'Alice waited till the eyes appeared, and then nodded. \'It\'s no use speaking to it,\' she thought, \'till its ears have come, or at least one of them.\' In another minute the whole head appeared, and then Alice put down her flamingo, and began an account.', '2017-05-06 18:14:14', '2017-05-06 18:14:14'),
	(5, 1, 'The Cat\'s head began fading away the time. Alice had not gone much farther.', 'jamison42@hotmail.com', 3, 2, 1, 4, 2.50, 'March Hare. \'Exactly.', 'YOU are, first.\' \'Why?\' said the Caterpillar. Here was another puzzling question; and as Alice could not think of any good reason, and as the Caterpillar seemed to be in a VERY unpleasant state of mind, she turned away. \'Come back!\' the.', 'I shall be a great deal too.', '2017-05-06 18:14:14', '2017-05-06 18:14:14'),
	(6, 1, 'Mary Ann, and be turned out of the evening,.', 'nikki47@schuppe.org', 4, 2, 5, 5, 4.00, 'King, the Queen, and Alice, were in custody and under sentence of execution. Then the Queen left off, quite out of breath, and said to Alice, \'Have you seen the Mock Turtle.', 'Alice caught the baby with some difficulty, as it was a queer-shaped little creature, and held out its arms and.', 'Alice noticed with some surprise that the.', '2017-05-06 18:14:14', '2017-05-06 18:14:14'),
	(7, 1, 'The door led right into a pig,\' Alice quietly.', 'milan52@gmail.com', 2, 3, 3, 0, 2.00, 'I sleep" is the same thing as "I sleep when I breathe"!\' \'It IS the same thing with you,\' said the Hatter, and here the conversation dropped, and the party sat silent for.', 'Caterpillar. \'Well, I should like to be a LITTLE larger,.', 'VERY unpleasant state of mind, she turned away. \'Come back!\' the Caterpillar called after her. \'I\'ve something important to say!\' This sounded promising, certainly: Alice turned and.', '2017-05-06 18:14:14', '2017-05-06 18:14:14'),
	(8, 1, 'Alice, whose thoughts were still.', 'electa.hegmann@koelpin.com', 2, 4, 3, 0, 2.25, 'I\'ve got to go through next walking about at the other end of the ground--and I should have croqueted.', 'Queen, \'Really, my dear, YOU.', 'Alice soon came to the conclusion that it was a very difficult game.', '2017-05-06 18:14:14', '2017-05-06 18:14:14'),
	(9, 2, 'I goes like a frog; and both the.', 'nikki47@schuppe.org', 5, 1, 2, 5, 3.25, 'I think?\' he said to the Queen. \'Never!\' said the Queen furiously, throwing an inkstand at the Lizard as she spoke. (The unfortunate little Bill had left off writing on his slate.', 'I hate cats and dogs.\' It was high time to go, for the pool was getting.', 'CAN all that green stuff be?\' said Alice. \'And where HAVE my shoulders got to? And oh, my poor hands, how is it I can\'t see you?\' She was moving them about as she spoke, but no result seemed to.', '2017-05-06 18:14:14', '2017-05-06 18:14:14'),
	(10, 2, 'Do you think I may as well as she passed; it.', 'milan52@gmail.com', 0, 0, 4, 5, 2.25, 'So she stood still where she was, and waited. When the procession came opposite to Alice, they all stopped and looked at her, and the Queen said severely \'Who is this?\' She said it to the Knave of Hearts, who only bowed and smiled in reply..', 'Eaglet bent down its head to hide a smile: some of the other birds tittered audibly. \'What I was going to say,\' said the Dodo in an offended tone, \'was, that the best.', 'Puss,\' she began, rather timidly, as she did not at all know whether it.', '2017-05-06 18:14:14', '2017-05-06 18:14:14'),
	(11, 2, 'I\'m talking!\' Just then her.', 'electa.hegmann@koelpin.com', 3, 5, 1, 5, 3.50, 'I\'ve got to do,\' said Alice to herself, as she wandered about in the wood, \'is to grow to my right size again; and the second thing is to find my way into that lovely garden. I think that will be the best plan.\' It.', 'Alice. \'I\'ve tried the roots of trees, and I\'ve tried banks, and I\'ve tried hedges,\' the Pigeon went on, without attending to her; \'but those serpents! There\'s no pleasing them!\' Alice was more and more.', 'The Hatter was the.', '2017-05-06 18:14:14', '2017-05-06 18:14:14'),
	(12, 2, 'Rabbit came near her,.', 'trudie29@gmail.com', 2, 2, 3, 4, 2.75, 'Rabbit came near her, she began, in a low, timid voice, \'If you please, sir--\' The Rabbit started violently, dropped the white kid gloves and the fan, and skurried away.', 'HAVE tasted eggs, certainly,\' said Alice, who was a very truthful child; \'but little girls eat eggs quite as much as serpents do, you know.\' \'I don\'t.', 'Majesty,\' he began. \'You\'re a very poor speaker,\' said the King. Here one of the guinea-pigs cheered, and was immediately suppressed by the officers.', '2017-05-06 18:14:14', '2017-05-06 18:14:14'),
	(13, 2, 'Owl, as a lark, And will talk in.', 'brekke.velva@armstrong.com', 2, 3, 2, 0, 1.75, 'There was no label this time with the words \'DRINK ME,\' but.', 'Alice dear!\' said her sister; \'Why, what a long sleep you\'ve had!\' \'Oh, I\'ve had such a.', 'The Hatter was the first to break the silence. \'What day of the month is it?\' he said, turning to Alice: he.', '2017-05-06 18:14:14', '2017-05-06 18:14:14'),
	(14, 2, 'Pigeon. \'I\'m NOT a serpent!\' said Alice angrily. \'It.', 'gilda.cole@raynor.com', 3, 5, 2, 3, 3.25, 'It means much the same thing,\' said the Duchess, digging her sharp.', 'In a little while, however, she again heard a little pattering of footsteps in the distance, and she looked up eagerly, half hoping that the Mouse had.', 'And it\'ll fetch things when you throw them, and it\'ll sit up and beg for its.', '2017-05-06 18:14:14', '2017-05-06 18:14:14'),
	(15, 2, 'WHAT things?\' said.', 'tzboncak@gmail.com', 3, 2, 5, 2, 3.00, 'Alice! Come here directly, and get ready for your walk!" "Coming in a minute, nurse! But I\'ve got to see that the mouse doesn\'t get out." Only I don\'t think,\' Alice went on, \'that they\'d let Dinah stop in.', 'The Pool of Tears \'Curiouser and curiouser!\' cried Alice (she was so much.', 'WHATEVER?\' persisted the King. \'Nothing.', '2017-05-06 18:14:14', '2017-05-06 18:14:14'),
	(16, 2, 'Alice went on, \'that they\'d let Dinah stop.', 'kamron.metz@bins.com', 2, 4, 1, 1, 2.00, 'Alice replied: \'what\'s.', 'Improve his shining tail, And pour the waters of the.', 'Alice as he spoke. \'A cat may look at a king,\' said Alice. \'I\'ve read that in some book, but I don\'t remember where.\' \'Well, it must be removed,\' said the King very decidedly, and he called the Queen, who was passing at the moment,.', '2017-05-06 18:14:14', '2017-05-06 18:14:14'),
	(17, 2, 'And she\'s such a nice soft thing to.', 'klind@yahoo.com', 4, 3, 4, 1, 3.00, 'Cheshire cat,\' said the Duchess, \'and that\'s why. Pig!\' She said the last word with such sudden violence that Alice quite jumped; but she saw in another moment that it was addressed to the baby, and not.', 'Pigeon; \'but if they do, why then they\'re a kind of serpent, that\'s all I can say.\' This was such a new idea to Alice, that she was quite silent for a minute or two, looking for them, and then quietly marched off.', 'Alice to herself, \'after such a fall as this, I shall think nothing of tumbling down stairs! How.', '2017-05-06 18:14:14', '2017-05-06 18:14:14'),
	(18, 3, 'Alice, seriously, \'I\'ll have nothing more.', 'leatha.mcglynn@welch.com', 5, 3, 2, 0, 2.50, 'By this time she had found her way into a tidy little room with a table in the window, and on it (as she had hoped) a fan and two or three pairs of tiny white kid gloves: she took up the fan and a pair of the.', 'These were the verses the White Rabbit.', 'She was a good deal frightened by this very.', '2017-05-06 18:14:14', '2017-05-06 18:14:14'),
	(19, 3, 'I should think you\'ll feel it a bit, if you wouldn\'t.', 'alex.schoen@schmidt.org', 0, 4, 5, 2, 2.75, 'I sleep" is the same thing as "I sleep when I breathe"!\' \'It IS the.', 'In another moment down went Alice after it, never once considering how in the world she was to get out again. The rabbit-hole went straight on like a tunnel for some way, and then dipped suddenly down, so.', 'Alice cautiously replied: \'but I know I have to beat time when I learn music.\' \'Ah! that accounts for it,\' said the Hatter. \'He won\'t.', '2017-05-06 18:14:14', '2017-05-06 18:14:14'),
	(20, 3, 'She did not quite know what they\'re about!\' \'Read them,\' said.', 'theresia.koch@balistreri.com', 3, 4, 4, 0, 2.75, 'Gryphon,.', 'I ought to go from here?\' \'That depends a good deal on where you want to get to,\' said the Cat..', 'I\'ll go round and get in at the window.\' \'THAT you won\'t\' thought Alice, and, after waiting till she fancied she heard the Rabbit just under the window, she suddenly spread out.', '2017-05-06 18:14:14', '2017-05-06 18:14:14'),
	(21, 3, 'Hatter trembled so, that Alice said; but was.', 'amani92@fay.info', 4, 2, 2, 1, 2.25, 'Alice; \'I must be shutting up like a telescope.\' And so it was indeed: she was now only ten inches high, and her face brightened up.', 'I\'LL soon make you dry enough!\' They all sat down at once, in a large ring, with the Mouse in the middle. Alice kept her eyes anxiously fixed on it, for she felt sure she would catch a bad cold if she did not get dry very soon. \'Ahem!\' said the.', 'Mouse with an important air, \'are you all ready? This is the driest thing I know. Silence all round, if you please! "William the Conqueror, whose cause was.', '2017-05-06 18:14:14', '2017-05-06 18:14:14'),
	(22, 3, 'It was, no doubt: only Alice did.', 'fcruickshank@gmail.com', 4, 1, 3, 1, 2.25, 'Mock Turtle\'s Story \'You can\'t think how glad I am to see you again, you dear old thing!\' said the Duchess, as she tucked her arm affectionately into Alice\'s, and they walked off together..', 'I hate cats and dogs.\' It was high time to go, for the pool was getting quite crowded with the birds and animals that.', 'Alice \'without pictures or conversations?\' So she was.', '2017-05-06 18:14:14', '2017-05-06 18:14:14'),
	(23, 3, 'And he got up and throw us, with the bread-and-butter.', 'cornell.braun@yahoo.com', 2, 5, 5, 5, 4.25, 'Alice soon came to the.', 'VERY nearly at the top of his shrill little voice, the name \'Alice!\' CHAPTER XII. Alice\'s Evidence \'Here!\' cried Alice, quite forgetting in the flurry of the moment how large she had grown in the last few minutes, and she jumped up in.', 'WOULD not remember the simple rules their friends had taught them: such as, that a red-hot poker will burn you if you hold it too long; and that if you cut your finger VERY deeply with a knife, it usually bleeds; and she had never.', '2017-05-06 18:14:14', '2017-05-06 18:14:14'),
	(24, 3, 'Mock Turtle drew a long time together.\' \'Which.', 'doyle.jenkins@gmail.com', 1, 1, 2, 2, 1.50, 'Queen: so she waited. The Gryphon.', 'The cook threw a frying-pan after her as she went out, but it just missed her. Alice caught the baby with some difficulty, as it was a queer-shaped little creature, and held out its arms and legs in all.', 'Five, \'and I\'ll tell him--it was for bringing the cook tulip-roots instead of onions.\' Seven flung down his brush, and had just begun \'Well, of all the.', '2017-05-06 18:14:14', '2017-05-06 18:14:14'),
	(25, 3, 'Hatter: and in despair she put them into a.', 'jamison42@hotmail.com', 2, 2, 1, 5, 2.50, 'But at any rate he might answer questions.--How am I to get in?\' she repeated, aloud. \'I shall.', 'INSIDE, you might knock, and I could let you out, you know.\' He was looking up into the.', 'CAN all that green stuff be?\' said Alice. \'And where HAVE my shoulders got to? And oh, my poor.', '2017-05-06 18:14:14', '2017-05-06 18:14:14'),
	(26, 3, 'Come on!\' \'Everybody says "come on!" here,\' thought Alice, \'or perhaps.', 'nikki47@schuppe.org', 0, 1, 5, 2, 2.00, 'Please, Ma\'am, is this New Zealand or Australia?\' (and she.', 'There was exactly one a-piece all.', 'Long Tale They were indeed a queer-looking party that assembled on the bank--the birds with draggled feathers, the animals with.', '2017-05-06 18:14:14', '2017-05-06 18:14:14'),
	(27, 3, 'This is the same thing as.', 'milan52@gmail.com', 1, 2, 2, 4, 2.25, 'Alice, a little timidly, \'why you are painting those roses?\' Five and Seven said nothing, but looked at Two. Two began in a low voice, \'Why.', 'Mouse splashed.', 'Alice\'s elbow was pressed hard against it, that attempt proved a failure..', '2017-05-06 18:14:14', '2017-05-06 18:14:14'),
	(28, 4, 'I\'ve had such a curious dream!\'.', 'nikki47@schuppe.org', 3, 3, 1, 2, 2.25, 'Alice, the little magic bottle had now had its full.', 'How queer everything is to-day! And yesterday things went on just as usual. I wonder if I\'ve been changed in the night? Let me.', 'Alice to herself, rather sharply; \'I advise you to leave off this minute!\' She generally gave herself very.', '2017-05-06 18:14:14', '2017-05-06 18:14:14'),
	(29, 4, 'Beautiful, beauti--FUL SOUP!\'.', 'milan52@gmail.com', 4, 0, 4, 3, 2.75, 'Alice remained looking thoughtfully at the mushroom for a minute, trying to make out which were the two sides of it; and as it was perfectly round, she found.', 'Cheshire cat,\' said the.', 'Hatter. \'Does YOUR watch tell.', '2017-05-06 18:14:14', '2017-05-06 18:14:14'),
	(30, 4, 'It was high time to avoid shrinking.', 'electa.hegmann@koelpin.com', 0, 0, 3, 4, 1.75, 'Hatter. \'You might just as well say,\' added the Dormouse, who seemed to be talking in his sleep, \'that "I breathe when I sleep" is the same thing as "I get what I like"!\'.', 'It was opened by another footman in.', 'Hatter. \'Stolen!\' the King exclaimed, turning to the jury, who.', '2017-05-06 18:14:14', '2017-05-06 18:14:14'),
	(31, 4, 'King said, turning to the part about her.', 'trudie29@gmail.com', 0, 3, 4, 0, 1.75, 'Alice think it so VERY much out of the way to hear the Rabbit say to itself, \'Oh dear! Oh dear! I shall be late!\' (when she thought it.', 'I\'ll never go THERE again!\' said Alice as she picked her way through the wood. \'It\'s the stupidest tea-party I ever was at in.', 'Alice \'without pictures or conversations?\' So she was considering in her own mind (as well as she could, for her neck kept getting entangled among the branches, and every now and then she had to stop and.', '2017-05-06 18:14:14', '2017-05-06 18:14:14'),
	(32, 5, 'I almost think I must have a prize.', 'amani92@fay.info', 3, 0, 2, 1, 1.50, 'IN the well,\' Alice said to the Dormouse, not choosing to notice this last remark. \'Of course they were\', said the Dormouse; \'--well in.\' This answer so confused poor Alice, that she.', 'Caterpillar. \'I\'m afraid I can\'t put it more clearly,\' Alice replied very politely, \'for I can\'t understand it myself to begin with; and being so many different sizes in a day is very confusing.\' \'It isn\'t,\' said the.', 'Just at this moment Alice felt a very curious.', '2017-05-06 18:14:14', '2017-05-06 18:14:14'),
	(33, 5, 'Father William replied to his.', 'fcruickshank@gmail.com', 2, 4, 1, 3, 2.50, 'However, when they had been running half an hour or so, and were quite dry again, the Dodo suddenly called out \'The race is over!\' and they all crowded round it, panting, and asking, \'But who has won?\' This question the Dodo could not answer.', 'Alice said; \'there\'s a large mustard-mine near here. And the moral.', 'Alice, a little timidly, for she was not quite sure whether it was good manners for her to speak first, \'why your cat grins like that?\' \'It\'s a Cheshire cat,\' said the Duchess, \'and that\'s why. Pig!\' She said the last word with such sudden.', '2017-05-06 18:14:14', '2017-05-06 18:14:14'),
	(34, 5, 'How funny it\'ll seem, sending presents to one\'s own feet! And how.', 'cornell.braun@yahoo.com', 5, 0, 1, 3, 2.25, 'She stretched herself up on tiptoe, and peeped over the edge of the mushroom, and her eyes immediately met those of a large caterpillar, that was sitting on the top with its arms folded, quietly smoking a long hookah, and taking not the smallest.', 'Duchess was VERY ugly; and secondly, because she was exactly the right height to rest her chin upon Alice\'s shoulder, and it was an uncomfortably.', 'He says it kills all the rats and--oh dear!\' cried Alice in a sorrowful.', '2017-05-06 18:14:14', '2017-05-06 18:14:14'),
	(35, 5, 'I ever saw one that.', 'doyle.jenkins@gmail.com', 3, 5, 1, 5, 3.50, 'Alice, \'it would be of very little use without my shoulders. Oh, how I wish I could shut up like a telescope! I think I could, if I only knew how to begin.\' For, you see, so many out-of-the-way things had.', 'I\'ve got to grow up.', 'Duchess\'s knee, while plates and dishes crashed around it--once more the shriek of the Gryphon, and all the other queer noises, would change (she knew) to the confused clamour of the busy farm-yard--while the lowing of the cattle.', '2017-05-06 18:14:14', '2017-05-06 18:14:14'),
	(36, 5, 'So you see, Alice had.', 'jamison42@hotmail.com', 4, 1, 3, 1, 2.25, 'I do hope it\'ll make me grow large again, for really I\'m quite tired of being such a tiny little thing!\' It did so indeed, and much sooner than she had.', 'Alice gently remarked;.', 'Mock Turtle a little anxiously. \'Yes,\' said Alice, \'we learned French and music.\' \'And washing?\' said the Mock Turtle..', '2017-05-06 18:14:14', '2017-05-06 18:14:14'),
	(37, 5, 'He looked anxiously at the house, "Let us both go to on the trumpet,.', 'nikki47@schuppe.org', 0, 0, 3, 2, 1.25, 'Time!\' \'Perhaps not,\' Alice cautiously replied: \'but I know I have to beat time when I learn music.\' \'Ah! that accounts for it,\' said the Hatter. \'He won\'t stand beating. Now, if you only kept on good terms.', 'Alice thought she had never seen such a curious.', 'Mock Turtle said: \'no wise fish would go anywhere without a porpoise.\' \'Wouldn\'t it really?\'.', '2017-05-06 18:14:14', '2017-05-06 18:14:14'),
	(38, 5, 'After a minute or two, which.', 'milan52@gmail.com', 0, 2, 2, 5, 2.25, 'So Bill\'s got to come down the chimney, has he?\' said Alice to herself. \'Shy, they seem to put everything upon Bill! I.', 'Cheshire Cat sitting on a bough of a tree a few yards off. The Cat only grinned when it saw Alice. It looked good-natured, she thought: still it had VERY long claws and a great many teeth, so she felt that it ought to be treated with respect..', 'I don\'t know one,\' said Alice, rather alarmed at the proposal. \'Then.', '2017-05-06 18:14:14', '2017-05-06 18:14:14'),
	(39, 5, 'I!\' he replied. \'We quarrelled last March--just before HE went mad,.', 'electa.hegmann@koelpin.com', 0, 1, 1, 0, 0.50, 'Mock Turtle. \'No, no! The adventures first,\' said the Gryphon in an.', 'So Alice began telling them her adventures from the time when she first saw the White Rabbit. She was a little nervous about it just at.', 'An enormous puppy.', '2017-05-06 18:14:14', '2017-05-06 18:14:14'),
	(40, 6, 'You\'re mad.\' \'How do you know that you\'re mad?\' \'To begin with,\'.', 'leatha.mcglynn@welch.com', 3, 1, 4, 3, 2.75, 'Gryphon went on in a deep voice, \'are done with a whiting. Now you know.\' \'And what are they made of?\' Alice asked in a tone of great dismay,.', 'Alice. One of the jurors had a pencil that squeaked. This of course, Alice.', 'He says it kills all the rats and--oh dear!\' cried Alice in a sorrowful tone, \'I\'m afraid I\'ve offended it.', '2017-05-06 18:14:14', '2017-05-06 18:14:14'),
	(41, 6, 'Alice ventured to remark. \'Tut, tut, child!\' said the youth, \'one.', 'alex.schoen@schmidt.org', 0, 4, 1, 3, 2.00, 'Alice, as she leant against a buttercup to rest herself, and fanned herself with one of the leaves: \'I should have liked teaching it tricks very much, if--if I\'d only been the right size to.', 'Alice, quite forgetting her promise..', 'Eaglet, and several other curious creatures. Alice led the way, and the whole party swam to the shore. CHAPTER III. A Caucus-Race and a Long Tale They were indeed a queer-looking.', '2017-05-06 18:14:14', '2017-05-06 18:14:14'),
	(42, 6, 'INSIDE, you might do very well without--Maybe it\'s always.', 'theresia.koch@balistreri.com', 4, 0, 0, 0, 1.00, 'Alice. \'But you\'re so easily offended, you know!\' The Mouse only growled in reply. \'Please come back and finish your.', 'They all returned from him to you, Though they were mine before. If I or she should chance to be Involved in this affair, He trusts to you to.', 'Paris is the capital of Rome, and Rome--no, THAT\'S all wrong, I\'m certain! I must have been changed several times since then.\' \'What do you mean by that?\' said the Caterpillar sternly. \'Explain yourself!\' \'I can\'t explain MYSELF, I\'m afraid,.', '2017-05-06 18:14:14', '2017-05-06 18:14:14'),
	(43, 6, 'King, with an M--\' \'Why with an.', 'amani92@fay.info', 3, 5, 2, 4, 3.50, 'Dodo suddenly called out \'The race is over!\' and they all crowded round it, panting, and asking, \'But who has won?\' This.', 'Queen. An invitation for the Duchess to play croquet.\' Then they both.', 'She stretched herself up on tiptoe, and peeped over the edge of the.', '2017-05-06 18:14:14', '2017-05-06 18:14:14'),
	(44, 6, 'A little bright-eyed terrier, you know, with oh, such.', 'fcruickshank@gmail.com', 3, 1, 4, 5, 3.25, 'Alice dodged behind a great thistle, to keep herself from being run over; and the moment she appeared on the other side, the puppy made another rush at the.', 'CHAPTER IX. The Mock Turtle\'s Story \'You can\'t.', 'I hadn\'t cried so much!\' said Alice, as she swam about, trying to find her way out. \'I shall be punished for it now, I suppose, by being drowned in my own tears! That WILL be a queer thing, to be sure! However, everything is queer.', '2017-05-06 18:14:14', '2017-05-06 18:14:14'),
	(45, 7, 'The only things in the pool, \'and she.', 'wchamplin@rempel.com', 4, 4, 1, 4, 3.25, 'I THINK; or is it twelve? I--\' \'Oh, don\'t bother ME,\' said the Duchess; \'I never could abide figures!\' And with that she began nursing her child again,.', 'March Hare will be much the most interesting,.', 'How she longed to get out of that dark.', '2017-05-06 18:14:14', '2017-05-06 18:14:14'),
	(46, 7, 'I think I could, if I shall never.', 'leatha.mcglynn@welch.com', 5, 5, 5, 2, 4.25, 'The judge, by the way, was the King; and as he wore his crown over the wig, (look at the frontispiece if you want to see how he did it,) he did not look at all comfortable, and it was certainly not becoming. \'And.', 'March Hare said--\' \'I didn\'t!\' the March Hare interrupted in a great hurry. \'You did!\' said the Hatter. \'I deny it!\' said the March Hare. \'He.', 'Dormouse, who was sitting next to her. \'I can hardly breathe.\' \'I can\'t help.', '2017-05-06 18:14:14', '2017-05-06 18:14:14'),
	(47, 7, 'Alice thought over all the time they had a VERY unpleasant state of mind,.', 'alex.schoen@schmidt.org', 4, 2, 1, 3, 2.50, 'Queen added to one of the officers: but the Hatter was out of sight before the officer could get to the door. \'Call the next witness!\' said the King. The next witness was the.', 'NEVER come to an end! \'I wonder how many miles I\'ve fallen by this time?\' she said aloud. \'I must be getting somewhere near the centre of the earth. Let me see: that would be four.', 'She said this last word two or three times over to herself, being rather proud of it: for she thought, and rightly too,.', '2017-05-06 18:14:14', '2017-05-06 18:14:14'),
	(48, 7, 'She felt very curious to know your history, you know,\' said Alice very.', 'theresia.koch@balistreri.com', 0, 3, 4, 4, 2.75, 'I\'d been the whiting,\' said Alice, whose thoughts.', 'Turtle sang this, very slowly and sadly:-- \'"Will you walk a little faster?" said a whiting to a snail. "There\'s a porpoise close behind us, and he\'s treading on my tail. See how eagerly the lobsters and the turtles all advance! They.', 'When the sands.', '2017-05-06 18:14:14', '2017-05-06 18:14:14'),
	(49, 7, 'Rabbit actually TOOK A WATCH OUT.', 'amani92@fay.info', 3, 5, 0, 1, 2.25, 'Alice aloud, addressing nobody in particular. \'She\'d soon fetch it back!\' \'And who is Dinah, if I might.', 'Alice as it spoke. \'As wet as ever,\' said Alice.', 'King, \'that only makes the matter worse. You MUST have meant some mischief, or else you\'d have signed your name like an honest man.\' There was a general clapping of hands at this: it was the first really clever thing.', '2017-05-06 18:14:14', '2017-05-06 18:14:14'),
	(50, 7, 'Dodo suddenly called out in a very.', 'fcruickshank@gmail.com', 0, 0, 4, 3, 1.75, 'I suppose, by being drowned in my own tears! That WILL be a queer thing, to be sure! However, everything is queer to-day.\' Just then she heard something splashing about in the pool a little way off,.', 'March Hare said to itself in a whisper.) \'That would be grand,.', 'I almost wish I\'d gone to see the Hatter instead!\' CHAPTER VII. A Mad Tea-Party There was a table set out under a tree in front of.', '2017-05-06 18:14:14', '2017-05-06 18:14:14'),
	(51, 7, 'Magpie began wrapping itself up very.', 'cornell.braun@yahoo.com', 0, 0, 0, 5, 1.25, 'King. On this the White Rabbit blew three blasts on the trumpet, and called out, \'First witness!\' The first.', 'While the Owl had the dish as its share of the.', 'I should like to show you! A little bright-eyed terrier, you know, with oh, such long.', '2017-05-06 18:14:14', '2017-05-06 18:14:14'),
	(52, 7, 'The King laid his hand upon her face. \'Wake up,.', 'doyle.jenkins@gmail.com', 0, 4, 5, 3, 3.00, 'Alice, \'as all the arches are gone from this side of the ground.\' So she tucked it away under her.', 'I shall have to ask them what the name of the country is, you know. Please, Ma\'am, is this New Zealand or Australia?\' (and she tried to curtsey as she spoke--fancy CURTSEYING as you\'re falling through the air! Do you think you could manage.', 'I only wish people knew that: then they wouldn\'t be so stingy about it, you know--\' She had.', '2017-05-06 18:14:14', '2017-05-06 18:14:14'),
	(53, 8, 'Time as well wait, as she heard the Queen to-day?\' \'I should like to try.', 'nikki47@schuppe.org', 1, 4, 2, 1, 2.00, 'Footman went on without attending to her, \'if we had the door between us. For instance, if you were INSIDE, you might knock, and I could let you out, you know.\' He was looking up into the sky all the time he was speaking, and this.', 'Queen! The Queen!\' and the three gardeners instantly jumped up, and began bowing to the King, the Queen, the royal children, and everybody else. \'Leave off that!\' screamed the Queen. \'You make me giddy.\' And then, turning to the rose-tree,.', 'Gryphon. \'Of course,\' the Mock Turtle said: \'advance twice, set to partners--\' \'--change lobsters, and retire in same order,\' continued the.', '2017-05-06 18:14:14', '2017-05-06 18:14:14'),
	(54, 8, 'I\'d nearly forgotten.', 'milan52@gmail.com', 2, 4, 1, 1, 2.00, 'You see, she came rather late, and the Queen said--\' \'Get to your places!\' shouted the Queen in a voice of thunder, and people began running about in all directions, tumbling up against each other; however, they got settled down in a minute or two,.', 'Queen\'s shrill cries to the voice of the shepherd boy--and the sneeze of the baby, the shriek of the Gryphon, and all the other queer noises, would change (she knew) to the confused.', 'Alice sharply, for she was beginning to feel a little worried. \'Just about as much right,\' said the.', '2017-05-06 18:14:14', '2017-05-06 18:14:14'),
	(55, 8, 'Dormouse: \'not in that soup!\' Alice said with a growl, And concluded the.', 'electa.hegmann@koelpin.com', 0, 3, 5, 0, 2.00, 'King, \'that saves a world of trouble, you know, as we needn\'t try to find any. And yet I don\'t know,\' he went on, spreading out the verses on his knee, and looking at them with one eye; \'I seem to see some meaning in them, after.', 'I am, sir,\' said Alice; \'I can\'t remember things as I used--and I don\'t keep the same size for ten minutes together!\' \'Can\'t remember WHAT things?\' said the.', 'Hatter: \'let\'s all move one place on.\' He moved on.', '2017-05-06 18:14:14', '2017-05-06 18:14:14'),
	(56, 8, 'Alice was not a regular.', 'trudie29@gmail.com', 5, 0, 2, 3, 2.50, 'Cat remarked. \'Don\'t be impertinent,\' said the King, \'and don\'t look at.', 'Dormouse,\' thought Alice; \'only, as it\'s asleep, I suppose it doesn\'t mind.\' The table was a.', 'Alice noticed with some surprise that the pebbles were all turning into little cakes as they lay on the floor, and a bright idea came into her head. \'If I eat one of these cakes,\' she thought, \'it\'s sure to make SOME.', '2017-05-06 18:14:14', '2017-05-06 18:14:14'),
	(57, 8, 'I do it again and again.\' \'You are.', 'brekke.velva@armstrong.com', 1, 4, 2, 3, 2.50, 'Mock Turtle in a deep, hollow tone: \'sit down, both of you, and don\'t speak a word till I\'ve finished.\' So they sat down, and.', 'After these came the royal children; there were ten of them, and the little dears came jumping merrily along hand in hand, in couples: they were all.', 'Mock Turtle. \'And how did you manage on the twelfth?\' Alice went on eagerly. \'That\'s enough about lessons,\' the Gryphon interrupted in a very decided tone: \'tell her something about the.', '2017-05-06 18:14:14', '2017-05-06 18:14:14'),
	(58, 8, 'Knave of Hearts,.', 'gilda.cole@raynor.com', 1, 2, 1, 0, 1.00, 'The Mouse did not answer, so Alice went on eagerly: \'There is such a nice little dog near our.', 'Hatter: \'let\'s all move one place on.\' He moved on as he spoke, and the Dormouse followed him: the March Hare moved into the Dormouse\'s place, and Alice rather unwillingly took the place of the March Hare. The Hatter was the only one who got any.', 'Her first idea was that she had somehow fallen into the sea, \'and in that case I can go back by railway,\' she said.', '2017-05-06 18:14:14', '2017-05-06 18:14:14'),
	(59, 8, 'ONE.\' \'One, indeed!\' said the Dormouse;.', 'tzboncak@gmail.com', 5, 0, 1, 4, 2.50, 'Bill! the master says you\'re to go down the chimney!\' \'Oh! So Bill\'s got to come down the chimney, has he?\' said Alice to herself. \'Shy, they seem to put everything upon Bill! I wouldn\'t be in Bill\'s place for a good deal: this.', 'It doesn\'t look like one, but it is.\' \'I quite agree with you,\' said the Duchess; \'and the moral.', 'Alice to herself, rather sharply; \'I advise you to leave off this minute!\' She generally gave herself very good advice, (though she very seldom followed it), and sometimes she scolded.', '2017-05-06 18:14:15', '2017-05-06 18:14:15'),
	(60, 8, 'So she was a large rabbit-hole under the sea--\'.', 'kamron.metz@bins.com', 4, 5, 2, 1, 3.00, 'She had quite forgotten the Duchess by this time, and was a little startled when she heard her voice close to her ear. \'You\'re thinking about.', 'See how eagerly the lobsters and the turtles all advance! They are waiting on the shingle--will you come and join the dance? Will you, won\'t you, will you, won\'t you, won\'t you join.', 'Mouse, turning to Alice, and sighing. \'It IS a long tail, certainly,\' said Alice, looking down with wonder at the Mouse\'s tail; \'but why do you call it sad?\' And she kept on puzzling about it while the Mouse was speaking, so that her.', '2017-05-06 18:14:15', '2017-05-06 18:14:15'),
	(61, 8, 'Alice\'s head. \'Is that the best of.', 'klind@yahoo.com', 0, 4, 5, 2, 2.75, 'She had just succeeded in curving it down into a graceful zigzag, and was.', 'I should think you could draw treacle out of a treacle-well--eh, stupid?\' \'But they were IN the well,\' Alice said to the Dormouse, not choosing to notice this last remark. \'Of course they were\',.', 'The long grass rustled at her feet as the White Rabbit hurried by--the frightened Mouse splashed his way through the neighbouring pool--she could hear the rattle of the teacups as.', '2017-05-06 18:14:15', '2017-05-06 18:14:15'),
	(62, 9, 'Bill, the Lizard) could not answer without a.', 'jamison42@hotmail.com', 4, 4, 4, 1, 3.25, 'In a little while,.', 'So they began solemnly dancing round.', 'Let me see: four times five is twelve, and four times six is thirteen, and four times seven is--oh dear! I shall never get to twenty at that rate! However, the Multiplication Table doesn\'t signify: let\'s try.', '2017-05-06 18:14:15', '2017-05-06 18:14:15'),
	(63, 9, 'Queens, and among them Alice recognised the White.', 'nikki47@schuppe.org', 1, 2, 3, 3, 2.25, 'King eagerly, and he hurried off. Alice thought.', 'I\'d hardly finished the first verse,\' said the Hatter, \'when the Queen jumped up and bawled out, "He\'s murdering the time! Off.', 'IN the well,\' Alice said to the Dormouse, not choosing to notice this last remark. \'Of course they were\', said the Dormouse;.', '2017-05-06 18:14:15', '2017-05-06 18:14:15'),
	(64, 9, 'Mouse, getting up and repeat "\'TIS.', 'milan52@gmail.com', 4, 5, 5, 2, 4.00, 'I should.', 'I could say if I chose,\' the Duchess replied, in a pleased tone. \'Pray don\'t trouble yourself to say it any longer than that,\' said Alice. \'Oh, don\'t talk.', 'Alice, \'a great girl like you,\' (she might well say this), \'to go on crying in this way! Stop this moment, I tell you!\' But she went on all the same, shedding gallons of tears, until there was a large pool all round her, about four inches deep and.', '2017-05-06 18:14:15', '2017-05-06 18:14:15'),
	(65, 9, 'Pat, what\'s that in some alarm..', 'electa.hegmann@koelpin.com', 3, 1, 2, 3, 2.25, 'This time Alice waited patiently until it chose to speak again. In a minute or two the Caterpillar took the hookah out of its mouth again, and said, \'So you think you\'re changed, do you?\' \'I\'m afraid I am, sir,\' said Alice; \'I can\'t remember.', 'Mock Turtle interrupted, \'if you don\'t explain it as you go on? It\'s by far the most confusing thing I ever heard!\' \'Yes, I think you\'d better leave off,\' said the Gryphon: and Alice was only too glad to do so. \'Shall we.', 'I must sugar my hair." As a duck with its eyelids, so he with his nose Trims his belt and his buttons,.', '2017-05-06 18:14:15', '2017-05-06 18:14:15'),
	(66, 9, 'Alice; \'it\'s laid for.', 'trudie29@gmail.com', 0, 5, 2, 5, 3.00, 'Because he knows.', 'Bill! catch hold of this rope--Will the roof bear?--Mind that loose slate--Oh, it\'s coming down! Heads below!\' (a.', 'Adventures of hers that you have just been reading about; and when she had finished, her sister kissed her, and said, \'It WAS a curious dream, dear, certainly: but now run in to your tea; it\'s getting.', '2017-05-06 18:14:15', '2017-05-06 18:14:15'),
	(67, 9, 'I\'m I, and--oh dear, how puzzling it all seemed quite.', 'brekke.velva@armstrong.com', 5, 4, 2, 4, 3.75, 'At last the Dodo.', 'First, she tried to look down and make out what she was coming to, but it was too dark to see anything; then she looked at the sides of the well, and noticed that they were filled with cupboards and book-shelves; here and there she saw maps and.', 'She said this last word two or three times over to herself, being rather proud of it: for she thought, and rightly too, that very few little girls.', '2017-05-06 18:14:15', '2017-05-06 18:14:15'),
	(68, 10, 'Alice as it lasted.) \'Then the Dormouse.', 'jamison42@hotmail.com', 2, 5, 5, 1, 3.25, 'Crab, a little snappishly. \'You\'re enough to try the patience of an oyster!\' \'I wish I had our Dinah here, I know I do!\' said Alice aloud, addressing nobody in particular. \'She\'d soon fetch it back!\' \'And.', 'Caterpillar called after her. \'I\'ve something important to say!\' This sounded promising, certainly: Alice turned and came back again. \'Keep your temper,\' said the Caterpillar. \'Is that all?\'.', 'This seemed to Alice a good opportunity for making her escape; so she set off at once, and ran till she was quite tired and out of breath, and till the puppy\'s bark sounded quite faint in the distance. \'And yet what a dear little puppy it.', '2017-05-06 18:14:15', '2017-05-06 18:14:15'),
	(69, 10, 'Mock Turtle Soup is made from,\' said the March Hare took the regular.', 'nikki47@schuppe.org', 1, 2, 1, 0, 1.00, 'First, she dreamed of little Alice herself, and once again the tiny hands were.', 'Alice sharply, for she was.', 'So she was considering in her own.', '2017-05-06 18:14:15', '2017-05-06 18:14:15'),
	(70, 10, 'Alice. The poor little.', 'milan52@gmail.com', 5, 5, 2, 4, 4.00, 'Queen:.', 'Mabel! I\'ll try and say "How doth the little--"\' and she crossed her hands on her lap as if she were saying lessons, and began to repeat it, but her.', 'Gryphon: and it.', '2017-05-06 18:14:15', '2017-05-06 18:14:15'),
	(71, 11, 'Panther were sharing.', 'amani92@fay.info', 2, 2, 0, 5, 2.25, 'WHAT? The other side of WHAT?\' thought Alice to herself. \'Of the mushroom,\' said the Caterpillar, just as if she had asked it aloud; and in another.', 'Mouse, turning to Alice, and sighing. \'It IS a long tail, certainly,\' said Alice, looking down with wonder at the.', 'Alice: \'--where\'s the Duchess?\' \'Hush! Hush!\' said the Rabbit in.', '2017-05-06 18:14:15', '2017-05-06 18:14:15'),
	(72, 11, 'Duchess said after a minute or two, looking for it, she found it.', 'fcruickshank@gmail.com', 5, 5, 5, 1, 4.00, 'I hadn\'t cried so much!\' said Alice, as she swam about, trying to find her way out. \'I shall be punished for it now, I suppose, by being drowned in my own tears! That WILL be a queer thing, to be sure! However, everything is queer.', 'Hatter. This piece of rudeness was more than Alice could bear: she got up in great disgust, and walked off; the Dormouse fell asleep instantly, and neither of the others took the least.', 'I\'d taken the highest tree.', '2017-05-06 18:14:15', '2017-05-06 18:14:15'),
	(73, 11, 'I\'ve said as yet.\' \'A cheap sort of.', 'cornell.braun@yahoo.com', 2, 2, 5, 3, 3.00, 'THEIR eyes bright and eager with many a strange tale, perhaps even with the dream of Wonderland of long ago: and how she would feel with all their simple sorrows, and find a.', 'Alice. \'I\'M not a mile high,\'.', 'Caterpillar seemed to be in a VERY unpleasant state of mind, she turned away. \'Come back!\'.', '2017-05-06 18:14:15', '2017-05-06 18:14:15'),
	(74, 11, 'So Alice began to tremble. Alice.', 'doyle.jenkins@gmail.com', 2, 3, 3, 4, 3.00, 'It means much.', 'Do you think you could manage it?) \'And what an ignorant little girl she\'ll think me for.', 'I eat" is the same thing as "I get what I like"!\' \'You might just as well say that "I see what.', '2017-05-06 18:14:15', '2017-05-06 18:14:15'),
	(75, 11, 'I shouldn\'t like THAT!\' \'Oh,.', 'jamison42@hotmail.com', 5, 5, 0, 5, 3.75, 'I will tell you how.', 'There was no.', 'She had not gone much farther before she came in sight of the house of the March Hare: she thought it must be the right house, because.', '2017-05-06 18:14:15', '2017-05-06 18:14:15'),
	(76, 11, 'The chief difficulty.', 'nikki47@schuppe.org', 1, 1, 4, 3, 2.25, 'I\'ll never go THERE again!\' said Alice as she picked her way through the wood. \'It\'s the stupidest tea-party I ever was at in all my life!\' Just as she said this, she noticed that one of the trees had a door leading right into it. \'That\'s very.', 'March Hare and his friends shared their never-ending meal, and the shrill voice of the Queen ordering off her unfortunate guests to execution--once more the pig-baby was sneezing on the.', 'King, with an air of great relief. \'Call the next witness.\' And he added in an undertone.', '2017-05-06 18:14:15', '2017-05-06 18:14:15'),
	(77, 11, 'Hatter grumbled: \'you shouldn\'t have.', 'milan52@gmail.com', 1, 2, 4, 3, 2.50, 'DOTH THE LITTLE BUSY.', 'I can\'t remember,\' said the Hatter. \'You MUST remember,\' remarked the King, \'or I\'ll have you executed.\' The miserable Hatter.', 'Cat. \'I don\'t much care where--\' said Alice. \'Then it doesn\'t.', '2017-05-06 18:14:15', '2017-05-06 18:14:15'),
	(78, 12, 'Majesty!\' the Duchess sang the second thing.', 'alex.schoen@schmidt.org', 1, 3, 3, 0, 1.75, 'But she did not venture to say it out loud. \'Thinking again?\' the Duchess asked, with another dig of her sharp little chin. \'I\'ve a right to think,\' said Alice.', 'The first witness was the Hatter. He came in with a teacup in one hand and a large fan in the other: he came trotting along in a great hurry, muttering to himself as he came, \'Oh! the Duchess, the Duchess! Oh!.', 'ARE you talking to?\' said.', '2017-05-06 18:14:15', '2017-05-06 18:14:15'),
	(79, 12, 'Owl, as a boon, Was kindly permitted to.', 'theresia.koch@balistreri.com', 4, 2, 3, 1, 2.50, 'She had quite forgotten the Duchess by this time, and was going off into a doze; but, on being pinched by the Hatter, it woke up again with a little shriek, and went on: \'--that begins with an M, such as mouse-traps, and the moon, and memory,.', 'Mouse, frowning,.', 'I\'m not Ada,\' she said, \'for her hair goes in such long ringlets, and mine doesn\'t go in ringlets at all; and I\'m sure I can\'t be Mabel, for I know all sorts of things, and she, oh! she knows such a very little!.', '2017-05-06 18:14:15', '2017-05-06 18:14:15'),
	(80, 12, 'EVER happen in a.', 'amani92@fay.info', 3, 1, 0, 5, 2.25, 'Alice noticed with some surprise that the pebbles were all turning into little cakes as they lay on the floor, and a.', 'I should understand that better,\' Alice said very politely, \'if I had it written down: but I can\'t quite follow it as you say it.\' \'That\'s nothing to what I could say if I chose,\' the Duchess replied, in a pleased tone. \'Pray don\'t.', 'FATHER WILLIAM,"\' said the Caterpillar. Alice folded her.', '2017-05-06 18:14:15', '2017-05-06 18:14:15'),
	(81, 12, 'Then the Queen had only one way of expressing yourself.\' The baby.', 'fcruickshank@gmail.com', 0, 3, 5, 3, 2.75, 'For instance, suppose it were nine o\'clock in the morning, just time to begin lessons: you\'d only have to whisper a hint to Time, and round goes the clock in a twinkling! Half-past one, time.', 'Queen, tossing her head impatiently; and, turning to Alice, she went on, \'What\'s your name, child?\' \'My name is Alice, so please.', 'HERE.\' \'But then,\' thought Alice, \'shall I NEVER get any older than I am now? That\'ll be a comfort, one way--never to be an old woman--but then--always to have lessons to learn! Oh, I shouldn\'t like THAT!\' \'Oh, you foolish Alice!\' she answered.', '2017-05-06 18:14:15', '2017-05-06 18:14:15'),
	(82, 12, 'MYSELF, I\'m afraid, sir\' said Alice, quite.', 'cornell.braun@yahoo.com', 0, 4, 1, 3, 2.00, 'Alice, (she had grown to her full size by this time.) \'You\'re nothing but a pack of cards!\' At this the whole pack rose up into.', 'Alice; \'I must be shutting up like a telescope.\' And so it was indeed: she was now only ten inches high,.', 'However, at last she stretched her arms round it as far as they would go, and.', '2017-05-06 18:14:15', '2017-05-06 18:14:15'),
	(83, 12, 'And oh, I wish I hadn\'t.', 'doyle.jenkins@gmail.com', 4, 1, 5, 5, 3.75, 'Rabbit was no longer to be seen: she found herself in a long, low hall, which was lit up by a row of lamps hanging from the roof. There were doors all round the hall, but they were all locked; and when Alice had been all the way down one.', 'Alice noticed, had powdered hair that curled all over their heads. She felt very curious to know what it was all about, and crept a little way out of.', 'COULD! I\'m sure I don\'t want to stay in here any longer!\' She waited for some time without hearing anything more: at last came a rumbling of little.', '2017-05-06 18:14:15', '2017-05-06 18:14:15'),
	(84, 12, 'Gryphon, before Alice.', 'jamison42@hotmail.com', 0, 5, 3, 4, 3.00, 'Dodo suddenly called out \'The race is over!\' and they all crowded round.', 'SOMEBODY ought to speak, and no one else.', 'There could be no doubt that it had a VERY turn-up nose, much more like a snout than.', '2017-05-06 18:14:15', '2017-05-06 18:14:15'),
	(85, 12, 'Good-bye, feet!\' (for when she caught.', 'nikki47@schuppe.org', 3, 2, 0, 3, 2.00, 'I never understood what it meant till now.\' \'If that\'s all you know about it, you may stand down,\'.', 'BEST butter, you know.\' Alice had been looking over his shoulder with some curiosity. \'What a funny watch!\' she remarked. \'It tells the day of the month, and doesn\'t tell what o\'clock it is!\' \'Why should it?\'.', 'In a minute or two the Caterpillar took the hookah out of its mouth and yawned once or twice, and shook itself. Then it got down off.', '2017-05-06 18:14:15', '2017-05-06 18:14:15'),
	(86, 13, 'CAN I have none, Why, I wouldn\'t be in.', 'jamison42@hotmail.com', 3, 1, 3, 0, 1.75, 'Queen, who had meanwhile been examining the roses. \'Off with their heads!\' and the procession moved on, three of the soldiers remaining behind to execute the unfortunate gardeners, who ran to Alice for protection. \'You shan\'t be.', 'Mock Turtle. So she sat on, with closed eyes, and half believed herself in Wonderland, though she knew she had but to open them again, and all would change to dull reality--the grass would.', 'Five! Don\'t go splashing paint over me like that!\' \'I couldn\'t help it,\' said Five, in a sulky tone; \'Seven jogged my elbow.\' On which Seven looked up and said, \'That\'s right, Five! Always lay the blame on others!\' \'YOU\'D better not talk!\'.', '2017-05-06 18:14:15', '2017-05-06 18:14:15'),
	(87, 13, 'Alice went timidly up to the heads of.', 'nikki47@schuppe.org', 5, 5, 0, 4, 3.50, 'English,\' thought Alice; \'I daresay it\'s a French mouse, come over with William the Conqueror.\' (For, with all her knowledge of.', 'Alice, in a coaxing tone, and she tried hard to whistle to it; but she was terribly frightened all the time at the thought that it might be hungry, in which case it would be very.', 'I tell you, you coward!\' and at last she spread out her hand again, and made another snatch in the air. This time there were TWO.', '2017-05-06 18:14:15', '2017-05-06 18:14:15'),
	(88, 13, 'Laughing and.', 'milan52@gmail.com', 1, 4, 1, 3, 2.25, 'So she set to work, and very soon finished off the.', 'AT ALL. Soup does very well without--Maybe it\'s always pepper that makes people hot-tempered,\' she.', 'Alice began to feel very uneasy: to be sure, she had not as yet had any dispute.', '2017-05-06 18:14:15', '2017-05-06 18:14:15'),
	(89, 13, 'PRECIOUS nose\'; as an unusually large saucepan flew close.', 'electa.hegmann@koelpin.com', 1, 1, 1, 5, 2.00, 'But I\'ve got to see.', 'The King looked anxiously at the White Rabbit, who said in a low voice, \'Your Majesty must cross-examine THIS witness.\' \'Well, if I must, I must,\' the King said, with a melancholy air, and,.', 'I was going to say,\' said the Dodo in an offended tone, \'was, that the best thing to.', '2017-05-06 18:14:15', '2017-05-06 18:14:15'),
	(90, 13, 'King, and the Queen, and Alice was so.', 'trudie29@gmail.com', 2, 4, 4, 5, 3.75, 'Alice. One of the jurors had a pencil that squeaked. This of course, Alice could not stand, and she went round the court and got behind him, and very soon found an opportunity of taking it away. She did it so quickly that the poor little.', 'He says it kills all the rats and--oh dear!\' cried Alice in a sorrowful tone, \'I\'m afraid I\'ve offended it again!\' For the Mouse was swimming away from her as hard as it could go, and making quite a commotion in the pool as it went. So she.', 'Beautiful, beautiful Soup!.', '2017-05-06 18:14:15', '2017-05-06 18:14:15'),
	(91, 13, 'Alice replied very readily: \'but that\'s.', 'brekke.velva@armstrong.com', 5, 3, 4, 1, 3.25, 'The Hatter\'s remark seemed to have no sort of meaning in it, and yet it was certainly English. \'I don\'t quite understand you,\'.', 'I do hope it\'ll make me grow large again, for really I\'m quite tired of being such a tiny little thing!\' It did so indeed, and much sooner than she had expected: before she had drunk half the bottle, she found her head.', 'As soon as she had made out the proper way of nursing it, (which.', '2017-05-06 18:14:15', '2017-05-06 18:14:15'),
	(92, 13, 'Dormouse began in a great hurry to change.', 'gilda.cole@raynor.com', 0, 4, 4, 1, 2.25, 'When the sands are all dry, he is gay as a lark, And.', 'I can\'t quite follow it as you say it.\' \'That\'s nothing to what I could say if I chose,\' the Duchess replied, in a pleased tone. \'Pray.', 'As she said this she looked down at her hands, and was surprised to see that she had put on one of the Rabbit\'s little white kid gloves while she was talking. \'How CAN I have done that?\' she.', '2017-05-06 18:14:15', '2017-05-06 18:14:15'),
	(93, 13, 'I say--that\'s the same year for such dainties.', 'tzboncak@gmail.com', 3, 2, 2, 5, 3.00, 'I think that will be the best plan.\' It sounded an excellent plan, no doubt, and very neatly and simply arranged; the only difficulty was, that she had not the smallest.', 'I can\'t quite follow it as you say it.\' \'That\'s nothing to what I could say if I chose,\' the Duchess.', 'I wonder who will put on your shoes and stockings.', '2017-05-06 18:14:15', '2017-05-06 18:14:15'),
	(94, 13, 'Mock Turtle persisted. \'How COULD he turn them out of the.', 'kamron.metz@bins.com', 0, 2, 4, 3, 2.25, 'Queen in front of them, with her arms folded, frowning like a thunderstorm. \'A fine day, your Majesty!\' the Duchess began in a low, weak.', 'Alice! when she got to the door, she found she.', 'Alice, thinking it was very like having a game of play with a cart-horse, and expecting every moment to be trampled under its feet, ran round the thistle again; then the puppy began a series of short.', '2017-05-06 18:14:15', '2017-05-06 18:14:15'),
	(95, 13, 'Alice, as she added, \'and the.', 'klind@yahoo.com', 3, 4, 1, 0, 2.00, 'FIT you,\' said the King, looking round the court with a smile. There was a dead silence. \'It\'s a pun!\' the King added in an offended tone, and everybody.', 'Alice, \'a great.', 'I THINK,\' said Alice. \'Of course.', '2017-05-06 18:14:15', '2017-05-06 18:14:15'),
	(96, 14, 'Rabbit angrily. \'Here! Come and help me out of its mouth, and addressed.', 'fcruickshank@gmail.com', 1, 4, 3, 5, 3.25, 'She went in without knocking, and hurried upstairs, in great fear lest she should meet the real Mary Ann, and be turned out of.', 'Alice, \'and those twelve creatures,\' (she.', 'Gryphon; and then they both sat silent and looked at poor Alice, who felt ready to sink into the earth. At last the Gryphon said to the Mock Turtle, \'Drive on, old fellow! Don\'t be all day about it!\' and he went on in these words: \'Yes, we went to.', '2017-05-06 18:14:15', '2017-05-06 18:14:15'),
	(97, 14, 'Was kindly permitted to pocket the.', 'cornell.braun@yahoo.com', 1, 1, 1, 3, 1.50, 'For instance, suppose it were nine o\'clock in the morning,.', 'MYSELF, I\'m afraid, sir\' said Alice, \'because I\'m not myself, you see.\' \'I don\'t see,\' said the.', 'I\'m not Ada,\' she said, \'for her hair goes in such long ringlets, and mine doesn\'t go in ringlets at.', '2017-05-06 18:14:15', '2017-05-06 18:14:15'),
	(98, 14, 'Mock Turtle had just begun to repeat it, when a sharp hiss.', 'doyle.jenkins@gmail.com', 1, 2, 3, 2, 2.00, 'Alice said to herself, \'to be going messages for a rabbit! I suppose Dinah\'ll be sending me on messages next!\' And she began fancying the sort of thing that would happen: \'"Miss Alice! Come.', 'THAT\'S a good thing!\' she.', 'Some of the jury wrote it down.', '2017-05-06 18:14:15', '2017-05-06 18:14:15'),
	(99, 14, 'King, the Queen, and Alice was a queer-shaped little creature,.', 'jamison42@hotmail.com', 1, 0, 5, 1, 1.75, 'As there seemed to be no chance of getting her hands up to her head, she tried to get her head.', 'Rabbit\'s little white kid gloves while she was talking. \'How CAN I have done that?\' she thought. \'I must be growing small again.\' She got up and went to the table to measure herself by it, and found that, as nearly as she could guess,.', 'Footman, \'and that for two reasons. First, because I\'m on the same side of the door as you are; secondly, because they\'re making such a noise inside, no one could possibly hear you.\' And certainly there was a most.', '2017-05-06 18:14:15', '2017-05-06 18:14:15'),
	(100, 14, 'However, the Multiplication Table.', 'nikki47@schuppe.org', 0, 1, 5, 1, 1.75, 'The judge, by the way, was the King; and as he wore his crown over the wig, (look at the frontispiece if you want to see how he did it,) he did not look at all comfortable, and it was.', 'Hardly knowing what she did, she picked up a little bit of stick, and held it out to the puppy; whereupon the puppy jumped into the air off all its feet at once, with a yelp of delight, and rushed at the stick, and made believe to worry.', 'March, I think it was,\' he said. \'Fifteenth,\' said the March Hare. \'Sixteenth,\' added the Dormouse. \'Write that down,\' the King said to the jury. \'Not yet, not yet!\' the Rabbit hastily.', '2017-05-06 18:14:15', '2017-05-06 18:14:15'),
	(101, 14, 'Hatter. \'He won\'t stand beating. Now, if you hold it too long; and that.', 'milan52@gmail.com', 3, 2, 1, 1, 1.75, 'As there seemed to be no chance of getting her hands up to her head, she tried to get her head down to them, and was delighted to find that she began shrinking directly. As soon as she was small enough to get.', 'This question the Dodo could not answer without a great deal of thought, and.', 'Mock Turtle in a tone of great surprise. \'Of course not,\' said the Mock Turtle: \'why, if a.', '2017-05-06 18:14:15', '2017-05-06 18:14:15'),
	(102, 14, 'CHAPTER VIII. The Queen\'s Croquet-Ground A large.', 'electa.hegmann@koelpin.com', 3, 1, 0, 1, 1.25, 'Hatter were having tea at it: a Dormouse was sitting between.', 'On various pretexts they all moved off, and Alice was soon left alone. \'I wish I hadn\'t mentioned Dinah!\' she said to herself in a melancholy tone. \'Nobody seems to like her, down here, and.', 'Queen. \'Their heads are gone, if it please your Majesty!\' the soldiers shouted in reply. \'That\'s right!\' shouted the Queen. \'Can you play croquet?\' The.', '2017-05-06 18:14:15', '2017-05-06 18:14:15'),
	(103, 14, 'Then it got down off the mushroom, and.', 'trudie29@gmail.com', 2, 0, 2, 0, 1.00, 'Dormouse,\' thought Alice; \'only, as it\'s asleep, I suppose it doesn\'t mind.\' The table was a large one, but the three were all crowded together at one corner of it: \'No room! No room!\'.', 'Alice was beginning very angrily, but the Hatter and the March Hare went \'Sh! sh!\' and the Dormouse sulkily remarked, \'If you can\'t be civil, you\'d better finish the story for yourself.\' \'No, please go on!\'.', 'I don\'t remember where.\' \'Well, it must be removed,\' said the King very decidedly, and he called the Queen, who was passing at the moment, \'My dear! I wish you would have this cat removed!\' The Queen had only one way of.', '2017-05-06 18:14:15', '2017-05-06 18:14:15'),
	(104, 14, 'Alice. \'I don\'t see.', 'brekke.velva@armstrong.com', 1, 4, 3, 0, 2.00, 'Alice, a little timidly, for she was not quite sure whether it was good manners for her to speak first, \'why your cat grins.', 'March Hare and his friends shared their never-ending meal, and the shrill voice of the Queen ordering off her unfortunate.', 'Alice, \'I\'ve often seen them at dinn--\' she checked herself hastily. \'I don\'t know where Dinn may be,\' said the.', '2017-05-06 18:14:15', '2017-05-06 18:14:15'),
	(105, 15, 'Let me see--how IS it to his son, \'I feared.', 'doyle.jenkins@gmail.com', 2, 4, 3, 1, 2.50, 'Alice, \'as all the arches are gone from this side of the ground.\' So she tucked it away under her arm, that it might not escape again, and went back for a little more conversation with her friend. When.', 'Here one of the guinea-pigs cheered, and was immediately suppressed by the officers of the court," and I never understood what it meant till now.\' \'If that\'s all you know about it, you may stand down,\'.', 'Alice, \'shall I NEVER get any older than I am now? That\'ll be a comfort, one way--never to be an old woman--but then--always to have lessons to learn! Oh, I.', '2017-05-06 18:14:15', '2017-05-06 18:14:15'),
	(106, 15, 'Mouse splashed his way through the.', 'jamison42@hotmail.com', 5, 4, 2, 1, 3.00, 'I know?\' said Alice, surprised at her own courage. \'It\'s no business of MINE.\' The Queen turned crimson with fury, and, after glaring at her.', 'I ever was at in all my life!\' Just as she said this, she noticed that one of the trees had a.', 'Alice looked at the jury-box, and saw that, in her haste, she had put the Lizard in head downwards, and the poor little thing howled so, that Alice could hardly hear the words:-- \'I speak severely to my boy, I beat him when he.', '2017-05-06 18:14:15', '2017-05-06 18:14:15'),
	(107, 15, 'I get" is the capital of Paris, and Paris is.', 'nikki47@schuppe.org', 4, 1, 2, 2, 2.25, 'At last the Mock Turtle recovered his voice, and, with tears running down his cheeks, he went on again:-- \'You may not have lived much under.', 'Alice opened the door and found that it led into a small passage, not much larger than a rat-hole: she knelt down and looked along the passage into.', 'I used to say when I was a child,\' said the Gryphon. \'Well, I never heard it before,\' said the Mock Turtle;.', '2017-05-06 18:14:15', '2017-05-06 18:14:15'),
	(108, 15, 'King. \'Nearly two.', 'milan52@gmail.com', 2, 3, 1, 3, 2.25, 'Her listeners were perfectly quiet till she got to the part about her repeating \'YOU ARE OLD, FATHER WILLIAM,\' to the Caterpillar, and the words all coming different, and then the.', 'WOULD twist itself round and look up in her face, with such a puzzled expression that she could not help.', 'English coast you find a number of bathing machines in the sea, some children digging in the sand with wooden spades, then a row of lodging houses, and behind them a railway station.).', '2017-05-06 18:14:15', '2017-05-06 18:14:15'),
	(109, 15, 'Cat, as soon as she had made out what it.', 'electa.hegmann@koelpin.com', 2, 3, 3, 1, 2.25, 'Mouse in the middle. Alice kept her eyes anxiously fixed on it, for she felt sure she would catch a bad cold if she did not get dry very soon. \'Ahem!\' said the Mouse with an important air, \'are you all ready? This is the.', 'Alice and all her wonderful Adventures, till she too began dreaming after a fashion,.', 'Mouse only shook its head impatiently, and walked a little quicker. \'What a.', '2017-05-06 18:14:15', '2017-05-06 18:14:15'),
	(110, 15, 'PLEASE mind what you\'re doing!\' cried Alice, jumping up and down looking.', 'trudie29@gmail.com', 1, 2, 5, 1, 2.25, 'CAN all that green stuff be?\' said Alice. \'And where HAVE my shoulders got to? And oh, my poor hands, how is it I can\'t see you?\' She was moving them about as she.', 'I know?\' said Alice, surprised at her own courage. \'It\'s no business of MINE.\' The Queen turned.', 'After a time she heard a little pattering of footsteps in the distance, and she hastily dried her eyes to see what was coming. It was.', '2017-05-06 18:14:15', '2017-05-06 18:14:15'),
	(111, 15, 'And so she tried another question. \'What sort of chance of her head down to.', 'brekke.velva@armstrong.com', 4, 0, 2, 3, 2.25, 'Dormouse began in a great hurry; \'and their names were Elsie, Lacie, and Tillie; and they lived.', 'Alice, a little timidly, \'why you are painting those roses?\' Five and Seven said nothing, but looked at Two. Two began in a low voice, \'Why the fact is, you see, Miss, this here ought to.', 'EVER happen in a natural way again. \'I should like to have it explained,\' said the Mock Turtle. \'She can\'t explain it,\' said the Gryphon hastily. \'Go on with the next verse,\' the Gryphon repeated impatiently: \'it begins "I passed by his.', '2017-05-06 18:14:15', '2017-05-06 18:14:15'),
	(112, 15, 'WHAT things?\' said the.', 'gilda.cole@raynor.com', 5, 2, 2, 5, 3.50, 'Alice dear!\' said her sister; \'Why, what a long sleep you\'ve had!\' \'Oh, I\'ve had such a curious dream!\' said Alice, and she told her.', 'HIS time of life. The King\'s argument was, that anything that had a head could be.', 'That\'s all.\' \'Thank you,\' said Alice, \'it\'s very interesting. I never knew so much about a whiting before.\' \'I can tell you more.', '2017-05-06 18:14:15', '2017-05-06 18:14:15'),
	(113, 15, 'If she should chance to be talking in a very difficult game.', 'tzboncak@gmail.com', 5, 5, 2, 1, 3.25, 'After a time she heard a little pattering of feet on the stairs. Alice knew it was the Rabbit coming to look for her, and she trembled till she shook the house, quite forgetting that she was now about a.', 'I must be on the look-out for serpents night and day! Why, I haven\'t had a wink of sleep these three weeks!\' \'I\'m very sorry you\'ve been annoyed,\' said Alice, who was beginning to see its meaning. \'And just as I\'d taken the highest.', 'March--just before HE went mad, you know--\' (pointing with his tea spoon at the March Hare,) \'--it was at the great concert given by the Queen of Hearts, and I had to sing "Twinkle, twinkle, little bat! How I.', '2017-05-06 18:14:15', '2017-05-06 18:14:15'),
	(114, 16, 'I suppose, by being drowned in my size; and as for.', 'gilda.cole@raynor.com', 1, 0, 4, 0, 1.25, 'I can creep under the door; so either way I\'ll get into the garden, and I don\'t care which happens!\' She ate a little bit,.', 'Queen. First came ten soldiers carrying clubs; these were all shaped like the three gardeners, oblong and flat, with.', 'Who ever saw one that size? Why, it fills the whole window!\' \'Sure, it does, yer honour: but it\'s an arm for all that.\' \'Well, it\'s got no business there, at any rate: go and take it away!\' There was a.', '2017-05-06 18:14:15', '2017-05-06 18:14:15'),
	(115, 16, 'Then followed the.', 'tzboncak@gmail.com', 5, 1, 4, 1, 2.75, 'HERE.\' \'But then,\' thought Alice, \'shall I NEVER get any older.', 'After a while, finding that nothing more happened, she decided on going into the garden at once;.', 'Alice, who was a very truthful child; \'but little girls eat eggs quite as much as serpents do, you know.\' \'I don\'t believe it,\' said the Pigeon; \'but if they do, why then.', '2017-05-06 18:14:15', '2017-05-06 18:14:15'),
	(116, 17, 'First, because I\'m on the door with his head!"\' \'How dreadfully savage!\'.', 'fcruickshank@gmail.com', 2, 2, 1, 3, 2.00, 'Gryphon is, look at the picture.) \'Up, lazy thing!\' said the Queen, \'and take this young lady to see the Mock Turtle, and to hear his history. I must go back and see after some.', 'White Rabbit was still in sight, hurrying down it..', 'Duck and a Dodo, a Lory and an Eaglet, and several other curious creatures. Alice led the way, and the whole party swam to the shore. CHAPTER III. A Caucus-Race and a.', '2017-05-06 18:14:15', '2017-05-06 18:14:15'),
	(117, 17, 'Queen. \'I haven\'t the slightest.', 'cornell.braun@yahoo.com', 2, 0, 4, 0, 1.50, 'Alice sharply, for she was beginning to feel a little worried. \'Just about as much right,\' said the Duchess, \'as pigs have to fly; and the.', 'Duchess: \'and the moral of that is--"Be what you would seem to be"--or if you\'d like it put.', 'There ought to be a book written about me, that there ought! And when I grow up, I\'ll write one--but I\'m grown up now,\' she added in a sorrowful tone; \'at least there\'s no room to grow up any more HERE.\'.', '2017-05-06 18:14:15', '2017-05-06 18:14:15'),
	(118, 17, 'Alice\'s, and they all crowded round.', 'doyle.jenkins@gmail.com', 0, 3, 2, 5, 2.50, 'I\'m quite tired of being such a tiny little thing!\' It did so indeed, and much sooner than she had expected: before she had drunk half the bottle, she.', 'The executioner\'s argument was, that you couldn\'t cut off a head unless there was a body to cut it off from: that he had never had to do such a thing before, and he.', 'Majesty,\' said the White Rabbit, jumping up in a great hurry; \'this paper has just been picked.', '2017-05-06 18:14:15', '2017-05-06 18:14:15'),
	(119, 17, 'She was looking at it.', 'jamison42@hotmail.com', 2, 4, 0, 1, 1.75, 'Lobster Quadrille is!\'.', 'Alice began to feel very uneasy: to be sure, she had not as yet had any dispute with the Queen, but she.', 'Down, down, down. Would the fall NEVER come to an end! \'I wonder how many miles I\'ve fallen by.', '2017-05-06 18:14:15', '2017-05-06 18:14:15'),
	(120, 17, 'Alice was not an encouraging.', 'nikki47@schuppe.org', 0, 4, 2, 2, 2.00, 'THAT is--"Take care of the sense, and the sounds will take care of themselves."\' \'How fond she is of finding morals in things!\' Alice.', 'Just as she said this, she noticed that one of the trees had a door leading right into it. \'That\'s very curious!\' she.', 'I should be like then?\' And she tried to fancy what the flame of a candle is like.', '2017-05-06 18:14:15', '2017-05-06 18:14:15'),
	(121, 17, 'I hadn\'t begun my tea--not above a week or so--and what with the.', 'milan52@gmail.com', 4, 2, 2, 2, 2.50, 'Alice was not a bit hurt, and she.', 'I wonder if I\'ve been changed in the night? Let me think: was I the same when I got up this morning? I almost think I can remember feeling a little different. But if I\'m not the same, the next question is, Who in the world am I? Ah, THAT\'S the.', 'Alice could hardly hear the words:-- \'I speak severely to my.', '2017-05-06 18:14:15', '2017-05-06 18:14:15'),
	(122, 17, 'Mock Turtle interrupted, \'if you only kept on.', 'electa.hegmann@koelpin.com', 2, 4, 2, 4, 3.00, 'MUST remember,\' remarked the King, \'or I\'ll have you executed.\' The miserable Hatter dropped his teacup and bread-and-butter, and went down on one knee. \'I\'m a.', 'YOU, and no room at all for any lesson-books!\' And so she.', 'The Dormouse.', '2017-05-06 18:14:15', '2017-05-06 18:14:15'),
	(123, 17, 'CAN I have none, Why, I do wonder what CAN have happened to.', 'trudie29@gmail.com', 2, 1, 2, 2, 1.75, 'Rabbit.', 'After a while she remembered that she still held the pieces of mushroom in her hands, and she set to work very carefully, nibbling first at one and then at the other,.', 'I\'m afraid,\' said Alice, timidly; \'some of the words have got.', '2017-05-06 18:14:15', '2017-05-06 18:14:15'),
	(124, 17, 'After a while, finding that nothing more to come, so she turned away. \'Come.', 'brekke.velva@armstrong.com', 2, 3, 1, 2, 2.00, 'I shall never get to twenty at that rate! However, the Multiplication Table doesn\'t signify: let\'s try Geography. London is the capital of Paris, and Paris is the capital of Rome, and Rome--no, THAT\'S all wrong, I\'m certain! I must have.', 'This time Alice waited patiently until it.', 'I don\'t take this child away with me,\' thought Alice, \'they\'re sure to kill it in a day or two: wouldn\'t it be murder to leave it behind?\' She said the last words out loud, and the little thing grunted in reply (it.', '2017-05-06 18:14:15', '2017-05-06 18:14:15'),
	(125, 17, 'As soon as it settled down again very sadly and.', 'gilda.cole@raynor.com', 5, 5, 5, 2, 4.25, 'She did it so quickly that the poor.', 'The judge, by the way, was the.', 'Two. Two began in a low voice, \'Why the fact is, you see, Miss, this here ought to have been a.', '2017-05-06 18:14:15', '2017-05-06 18:14:15'),
	(126, 18, 'Dinah my dear! I shall have.', 'gilda.cole@raynor.com', 3, 4, 2, 0, 2.25, 'Improve his shining tail, And pour the waters of the Nile On every golden scale! \'How cheerfully he seems to.', 'Dinah, and saying to her very earnestly, \'Now, Dinah, tell me the truth: did you ever eat a bat?\' when suddenly, thump! thump! down she came upon a heap of sticks and dry leaves, and the.', 'Alice noticed, had powdered hair that curled all over their heads. She felt very curious to know what it was all about, and crept a little way out of the wood to listen. The Fish-Footman began.', '2017-05-06 18:14:15', '2017-05-06 18:14:15'),
	(127, 18, 'Why, I do wonder what Latitude was,.', 'tzboncak@gmail.com', 1, 3, 5, 2, 2.75, 'Alice coming. \'There\'s PLENTY of room!\' said Alice indignantly, and she sat down in a large arm-chair.', 'MORE than nothing.\' \'Nobody asked YOUR opinion,\' said Alice. \'Who\'s.', 'Queen. \'I never saw one, or heard of one,\' said Alice. \'Come on, then,\' said the Queen, \'and he shall tell you his history,\' As they walked off together, Alice heard the King say in a low voice, to the company generally, \'You are.', '2017-05-06 18:14:15', '2017-05-06 18:14:15'),
	(128, 18, 'As they walked off together..', 'kamron.metz@bins.com', 5, 1, 0, 2, 2.00, 'I wonder what Latitude or Longitude I\'ve got to?\' (Alice had no.', 'But her.', 'Alice said very politely, feeling quite pleased to have.', '2017-05-06 18:14:15', '2017-05-06 18:14:15'),
	(129, 18, 'Mouse. \'Of course,\' the Gryphon answered, very nearly getting up.', 'klind@yahoo.com', 1, 3, 4, 0, 2.00, 'Crab took the opportunity of saying to her daughter \'Ah, my dear! Let this be a lesson to you never to lose YOUR temper!\' \'Hold your tongue, Ma!\' said the young Crab, a little.', 'Cat remarked. \'Don\'t be impertinent,\' said the King, \'and don\'t look at me like that!\' He got behind Alice as he spoke. \'A cat may look at a king,\' said Alice. \'I\'ve read that in some book, but I don\'t remember where.\' \'Well, it must be removed,\'.', 'VERY deeply with a knife, it usually bleeds; and she had never forgotten that, if you drink much from a bottle marked \'poison,\' it is almost certain to disagree with you,.', '2017-05-06 18:14:15', '2017-05-06 18:14:15'),
	(130, 19, 'See how eagerly the lobsters and the baby--the.', 'theresia.koch@balistreri.com', 3, 4, 3, 5, 3.75, 'Duchess, \'chop off her head!\' Alice glanced rather anxiously at the cook, to see if she meant to take the hint; but the cook was busily stirring the soup, and seemed not to be listening, so.', 'Alice to herself, rather sharply; \'I advise you to leave off this minute!\' She generally gave herself very good advice, (though she very seldom followed it), and sometimes she scolded herself.', 'March Hare went \'Sh! sh!\' and the Dormouse sulkily remarked, \'If you can\'t be civil, you\'d better finish.', '2017-05-06 18:14:15', '2017-05-06 18:14:15'),
	(131, 19, 'Mock Turtle said with.', 'amani92@fay.info', 5, 0, 2, 0, 1.75, 'I almost wish I\'d gone to see the Hatter instead!\' CHAPTER VII. A Mad Tea-Party There was a table set out under a tree in front of the house, and the March Hare and the Hatter were having tea at it: a.', 'The poor little Lizard, Bill, was in the middle, being held up by two guinea-pigs, who were giving it something out of a bottle. They all made a rush at Alice the moment she appeared; but she ran off as hard as she could, and.', 'I don\'t believe you do.', '2017-05-06 18:14:15', '2017-05-06 18:14:15'),
	(132, 19, 'I must have been changed in the distance. \'And yet what a delightful.', 'fcruickshank@gmail.com', 5, 1, 3, 4, 3.25, 'What made you so awfully clever?\' \'I have answered three questions, and that is enough,\' Said his father; \'don\'t give.', 'King, rubbing his hands; \'so now let the jury--\' \'If any one of them can explain it,\' said Alice, (she had grown to her full size by this.', 'Hatter. He had been looking at Alice for some time with great curiosity, and this was his first speech. \'You should learn not.', '2017-05-06 18:14:15', '2017-05-06 18:14:15'),
	(133, 19, 'Why, she\'ll eat a bat?\' when suddenly, thump! thump!.', 'cornell.braun@yahoo.com', 2, 2, 0, 2, 1.50, 'Gryphon. \'--you advance twice--\' \'Each with a lobster as a partner!\' cried.', 'Mouse to tell them something more. \'You promised to tell me your history, you know,\' said Alice, \'and why it is you hate--C and D,\' she added in a whisper, half afraid.', 'He moved on as he spoke, and the Dormouse followed him: the March.', '2017-05-06 18:14:15', '2017-05-06 18:14:15'),
	(134, 19, 'Cheshire Cat: now I shall be a book written about.', 'doyle.jenkins@gmail.com', 0, 2, 1, 1, 1.00, 'Duchess: \'and the moral of that is--"Oh, \'tis love, \'tis love, that makes the world go round!"\' \'Somebody said,\' Alice whispered, \'that it\'s done.', 'Cat, \'or you wouldn\'t have come here.\' Alice didn\'t think that proved it at all; however, she went on \'And how do you know that you\'re mad?\' \'To begin with,\' said the Cat, \'a dog\'s not.', 'That your eye was as steady as ever; Yet you balanced an eel on the end of your.', '2017-05-06 18:14:15', '2017-05-06 18:14:15'),
	(135, 19, 'VERY much out of sight; and an old Crab took the regular course.\'.', 'jamison42@hotmail.com', 1, 4, 5, 4, 3.50, 'MINE.\' The Queen turned crimson with fury, and, after glaring at her for a moment like a wild beast, screamed \'Off with her head! Off--\' \'Nonsense!\' said Alice, very.', 'King, the Queen, and Alice, were in custody and under sentence of execution. Then the Queen left off, quite out of breath, and said to Alice, \'Have you.', 'I shall only look up and say "Who am I then? Tell me that first, and then, if I like being that.', '2017-05-06 18:14:15', '2017-05-06 18:14:15'),
	(136, 19, 'Hardly knowing what she was looking at the window.\'.', 'nikki47@schuppe.org', 1, 2, 4, 2, 2.25, 'And she began thinking over all the children she knew that were of.', 'I can\'t take more.\' \'You mean you can\'t take LESS,\' said the Hatter: \'it\'s very easy to take MORE than nothing.\' \'Nobody asked YOUR opinion,\' said Alice. \'Who\'s making personal remarks now?\' the Hatter asked triumphantly. Alice did not.', 'I get" is the same thing.', '2017-05-06 18:14:15', '2017-05-06 18:14:15'),
	(137, 20, 'I am very tired of swimming about here, O.', 'fcruickshank@gmail.com', 5, 0, 4, 4, 3.25, 'Queen will hear you! You see, she came rather late, and the Queen said--\'.', 'I\'m not particular as to size,\' Alice hastily replied; \'only one doesn\'t like changing so often, you know.\' \'I DON\'T know,\' said the Caterpillar. Alice.', 'Alice, and she told her sister, as well as she could for sneezing. There was certainly too much of it in the air. Even the Duchess sneezed occasionally; and as for the baby, it was sneezing and howling alternately.', '2017-05-06 18:14:15', '2017-05-06 18:14:15'),
	(138, 21, 'The Dormouse had closed its.', 'tzboncak@gmail.com', 2, 2, 5, 1, 2.50, 'I was going to say,\' said the Dodo in an offended tone, \'was, that the best thing to get us dry would be a Caucus-race.\' \'What IS a Caucus-race?\' said Alice; not that she.', 'There were doors all round the hall, but they were all locked; and when Alice had been all the way down one side and up the other, trying every door, she.', 'The Fish-Footman began by producing from under his arm a great letter, nearly as large as himself, and this he handed over to the other, saying, in a solemn tone, \'For the Duchess. An invitation from the Queen to play.', '2017-05-06 18:14:15', '2017-05-06 18:14:15'),
	(139, 21, 'Alice! Come here directly, and get ready.', 'kamron.metz@bins.com', 4, 1, 2, 3, 2.50, 'Footman continued in the same tone, exactly as if nothing had happened. \'How am I to get in?\' asked Alice again, in a louder tone. \'ARE you to get in at all?\' said the Footman..', 'At this moment Five, who had been anxiously looking across the garden, called out \'The Queen! The Queen!\' and the three gardeners instantly threw themselves flat upon their faces. There was a.', 'Alice; \'it\'s laid for a great many more than three.\' \'Your hair wants cutting,\' said the Hatter. He had been looking at Alice for some time with.', '2017-05-06 18:14:15', '2017-05-06 18:14:15'),
	(140, 22, 'White Rabbit hurried by--the frightened Mouse splashed his way through the.', 'cornell.braun@yahoo.com', 4, 5, 2, 0, 2.75, 'The chief difficulty Alice found at first was in managing her flamingo: she succeeded in getting its body tucked away, comfortably enough, under her arm, with its legs hanging down, but.', 'Caterpillar. \'Well, perhaps you haven\'t found it so yet,\' said Alice; \'but when you have to turn into a chrysalis--you will some day, you know--and then after that into a butterfly, I should think you\'ll feel it.', 'I should like to show you! A little bright-eyed terrier, you know, with oh, such long curly brown hair! And it\'ll fetch things when you throw them, and it\'ll.', '2017-05-06 18:14:15', '2017-05-06 18:14:15'),
	(141, 22, 'Alice looked down at them, and it\'ll sit.', 'doyle.jenkins@gmail.com', 5, 0, 5, 1, 2.75, 'See how eagerly the lobsters and the turtles all advance! They are.', 'WAS a narrow escape!\' said Alice, a good deal frightened at the sudden change, but very.', 'Duchess; \'and that\'s a fact.\' Alice did not at all like the tone of.', '2017-05-06 18:14:15', '2017-05-06 18:14:15'),
	(142, 22, 'I\'m better now--but.', 'jamison42@hotmail.com', 1, 5, 3, 4, 3.25, 'I\'M a Duchess,\' she said to herself, (not in a very hopeful tone though), \'I won\'t have any pepper in my kitchen AT ALL. Soup does.', 'King. The next witness was the Duchess\'s cook. She carried the pepper-box in her hand, and Alice guessed who it was, even before she got into the court, by the way the.', 'LESS,\' said the Hatter: \'it\'s very easy to take.', '2017-05-06 18:14:15', '2017-05-06 18:14:15'),
	(143, 22, 'Pigeon; \'but if you\'ve seen them so shiny?\'.', 'nikki47@schuppe.org', 1, 4, 5, 5, 3.75, 'Queen to play croquet.\' The Frog-Footman repeated, in the same solemn tone, only changing the order of the words a little, \'From.', 'Alice, a little timidly, for she was not quite sure whether it was good manners for her to speak first, \'why your cat grins like that?\' \'It\'s a Cheshire cat,\' said the.', 'THAT!\' \'Oh, you foolish Alice!\' she answered herself. \'How can you learn lessons in here? Why, there\'s hardly room for YOU, and no room at all for any lesson-books!\' And so she went on, taking first one side and then the other, and.', '2017-05-06 18:14:15', '2017-05-06 18:14:15'),
	(144, 23, 'Dodo said, \'EVERYBODY has won, and all dripping.', 'electa.hegmann@koelpin.com', 0, 1, 4, 5, 2.50, 'By the time she had caught the flamingo and brought it back, the fight was over, and.', 'YOUR shoes done with?\'.', 'So they went up to the Mock Turtle, who looked at them with large eyes full of tears, but said nothing. \'This here young lady,\' said the Gryphon, \'she wants for to.', '2017-05-06 18:14:15', '2017-05-06 18:14:15'),
	(145, 23, 'White Rabbit blew three blasts on the.', 'trudie29@gmail.com', 5, 4, 0, 4, 3.25, 'Alice to herself, rather sharply; \'I advise you to leave off this minute!\' She generally gave herself very good advice, (though she very seldom followed it), and sometimes she scolded herself so severely.', 'She did it so quickly that the poor little juror (it was Bill, the Lizard) could not make out at all what had become of it; so, after hunting all about for it, he was obliged to write with one finger.', 'I\'m better now--but I\'m a deal too flustered to tell you--all I know is, something comes at me like a Jack-in-the-box, and up I goes like a sky-rocket!\' \'So you did,.', '2017-05-06 18:14:15', '2017-05-06 18:14:15'),
	(146, 23, 'That your eye was as long as I do,\' said Alice to herself, as she.', 'brekke.velva@armstrong.com', 4, 5, 3, 3, 3.75, 'THE.', 'All on a summer day: The Knave of Hearts, he stole those tarts, And took them quite away!\' \'Consider your verdict,\' the King said to the jury, and the jury eagerly.', 'Alice. \'It must be a very pretty dance,\' said Alice timidly. \'Would you like to.', '2017-05-06 18:14:15', '2017-05-06 18:14:15'),
	(147, 23, 'Alice could speak again. The.', 'gilda.cole@raynor.com', 3, 1, 4, 1, 2.25, 'Pigeon had finished. \'As if it wasn\'t trouble enough hatching the eggs,\' said.', 'I must be kind to them,\' thought Alice, \'or perhaps they won\'t walk the way.', 'He was looking up into the sky all the time he was speaking, and this Alice thought decidedly uncivil. \'But.', '2017-05-06 18:14:15', '2017-05-06 18:14:15'),
	(148, 23, 'While the Duchess and the sounds will take care of themselves."\'.', 'tzboncak@gmail.com', 4, 0, 4, 1, 2.25, 'Queen. An invitation for the Duchess to play croquet.\' Then they both bowed low, and their curls got entangled together. Alice laughed so.', 'ARE a simpleton.\' Alice did not feel encouraged to ask any more questions about it, so she turned to the.', 'I think.\' And she began thinking over other children she knew, who might do very well as pigs, and was just saying to herself, \'if one only knew the right way to change them--\' when she was a little startled by seeing the.', '2017-05-06 18:14:15', '2017-05-06 18:14:15'),
	(149, 23, 'Queen, and Alice, were in custody and.', 'kamron.metz@bins.com', 3, 4, 1, 5, 3.25, 'Alice was just beginning to think to herself, \'Now, what am I to do with this creature when I get it home?\' when it grunted again, so violently, that she looked down into its face in some alarm. This time there.', 'Dodo had paused as.', 'Mock Turtle, suddenly dropping his voice; and the two creatures, who had been jumping about like mad things all this time, sat down again very sadly and quietly, and looked at Alice. \'It must.', '2017-05-06 18:14:15', '2017-05-06 18:14:15'),
	(150, 23, 'Alice, \'it\'ll never do to ask: perhaps I shall see it quite.', 'klind@yahoo.com', 3, 0, 4, 2, 2.25, 'At this the whole pack rose up into the air,.', 'I\'m not used to it!\' pleaded poor Alice in a piteous tone. And she thought of herself, \'I.', 'Alice thought to herself. \'I dare say you\'re wondering why I don\'t put my arm round your waist,\' the Duchess said after a pause: \'the reason is,.', '2017-05-06 18:14:15', '2017-05-06 18:14:15'),
	(151, 24, 'Gryphon, and all dripping wet, cross, and uncomfortable. The first.', 'electa.hegmann@koelpin.com', 1, 5, 3, 1, 2.50, 'I never was so small as this.', 'I believe.\' \'Boots and.', 'Queen, \'and take this young lady to see the Mock Turtle, and to hear his history. I must go back and see after some executions I have ordered\'; and she walked off, leaving Alice.', '2017-05-06 18:14:15', '2017-05-06 18:14:15'),
	(152, 24, 'Alice. \'Only a thimble,\' said.', 'trudie29@gmail.com', 3, 4, 1, 4, 3.00, 'Hearts were seated on their throne when they arrived, with a great crowd assembled about them--all sorts of little birds and beasts, as well as the whole pack of.', 'I could say if I chose,\' the Duchess replied, in a pleased tone. \'Pray don\'t trouble yourself to say it any longer than that,\' said Alice. \'Oh, don\'t talk about trouble!\' said the Duchess. \'I make.', 'Do you think I can listen all day to such stuff? Be off, or I\'ll kick you down stairs!\' \'That is not said right,\' said the Caterpillar. \'Not QUITE.', '2017-05-06 18:14:15', '2017-05-06 18:14:15'),
	(153, 24, 'I can\'t remember,\' said the Mock Turtle angrily: \'really you are painting.', 'brekke.velva@armstrong.com', 0, 2, 2, 1, 1.25, 'Knave was standing before them, in chains, with a soldier on each side to guard him; and near the King was the White Rabbit,.', 'Lizard, who seemed too much overcome to do anything but sit with its mouth open, gazing up into the roof of the court. \'What do you know about this business?\' the King said to Alice. \'Nothing,\' said Alice. \'Nothing.', 'And she began thinking over other children she knew, who might do very well as pigs, and was just saying to herself, \'if one only knew the right way to change them--\' when.', '2017-05-06 18:14:15', '2017-05-06 18:14:15'),
	(154, 24, 'Our family always HATED cats: nasty, low, vulgar things! Don\'t.', 'gilda.cole@raynor.com', 2, 1, 5, 5, 3.25, 'I think I may as well go in at once.\' And in she went..', 'Alice had no very clear notion how long ago anything had happened.) So she began again: \'Ou est ma chatte?\' which was the first sentence in her French lesson-book. The Mouse gave a sudden leap out of the water, and seemed to quiver all.', 'March Hare had just upset the milk-jug into his plate. Alice did not wish.', '2017-05-06 18:14:15', '2017-05-06 18:14:15'),
	(155, 25, 'Gryphon. \'--you.', 'gilda.cole@raynor.com', 1, 5, 4, 2, 3.00, 'I breathe"!\' \'It IS the same thing with you,\' said the Hatter, and here the conversation dropped, and the party sat silent for a minute, while Alice thought over all she could remember about ravens and writing-desks, which wasn\'t much. The.', 'Mock Turtle said: \'I\'m too stiff. And the Gryphon never learnt it.\' \'Hadn\'t time,\' said the Gryphon: \'I went to the.', 'Bill! I wouldn\'t be in Bill\'s place for a good deal: this fireplace is narrow, to be sure; but I THINK I can kick a little!\' She drew her foot as far down the.', '2017-05-06 18:14:15', '2017-05-06 18:14:15'),
	(156, 25, 'Dinah, and saying to herself \'Now I can say.\' This was.', 'tzboncak@gmail.com', 0, 4, 0, 0, 1.00, 'Hatter. This piece.', 'Duchess said in a hoarse.', 'Alice went timidly up to the door, and tried to open it; but, as the door opened inwards, and Alice\'s elbow was pressed hard against it, that attempt proved a failure. Alice heard it say to itself \'Then.', '2017-05-06 18:14:15', '2017-05-06 18:14:15'),
	(157, 25, 'I must have got in.', 'kamron.metz@bins.com', 4, 0, 2, 4, 2.50, 'I wonder if I\'ve been changed in the night? Let me think: was I.', 'His voice has a timid and tremulous sound.] \'That\'s different from what I used to say when I was a child,\' said the.', 'Turtle.\' These words were followed by a very long silence, broken only by an occasional exclamation of \'Hjckrrh!\' from the Gryphon, and the constant heavy.', '2017-05-06 18:14:15', '2017-05-06 18:14:15'),
	(158, 25, 'Alice was very deep, or she should chance.', 'klind@yahoo.com', 4, 1, 4, 1, 2.50, 'Alice, \'and why it is you hate--C and D,\' she added in a whisper, half.', 'ONE respectable person!\' Soon her eye fell on a little glass box that was lying under the table: she opened it, and found in it a very small cake, on which the.', 'Dormouse,\' the Queen shrieked out. \'Behead that Dormouse! Turn that Dormouse out of court! Suppress him! Pinch him! Off.', '2017-05-06 18:14:15', '2017-05-06 18:14:15');
/*!40000 ALTER TABLE `reviews` ENABLE KEYS */;

/*!40101 SET SQL_MODE=IFNULL(@OLD_SQL_MODE, '') */;
/*!40014 SET FOREIGN_KEY_CHECKS=IF(@OLD_FOREIGN_KEY_CHECKS IS NULL, 1, @OLD_FOREIGN_KEY_CHECKS) */;
/*!40101 SET CHARACTER_SET_CLIENT=@OLD_CHARACTER_SET_CLIENT */;
